Date,All items,Energy,All items less food and energy,Purchasing power of the consumer dollar,Apparel,Men and boy apparel,Commodities,Energy commodities,Education,Communication,Information and information processing,Food and beverages,Food at home,"Meats, poultry, fish, and eggs",Meats,Fruits and vegetables,Alcoholic beverages,Personal care,Housing,Shelter,Fuels and utilities,Household energy,Household furnishings and operations,Medical care,Medical care commodities,Rent of shelter,Transportation,Men apparel,"Men suits, sport coats, and outerwear",Men pants and shorts,Boy apparel,Women apparel,Women outerwear,Women dresses,Women suits and separates,"Women underwear, nightwear, swimwear and accessories",Girl apparel,Men footwear,Women footwear,Jewelry and watches,Watches,Jewelry,Telephone services,Wireless telephone services,Computer software and accessories,Internet services and electronic information providers,Pork,Ham,Pork chops,Poultry
2022-09-01,296.808,297.343,298.442,33.7,130.143,123.185,222.678,338.768,286.151,74.895,70.619,310.678,296.771,319.486,322.857,348.173,275.810,260.886,306.521,359.704,311.690,267.114,145.912,556.323,390.677,375.583,266.109,126.288,106.184,126.066,110.107,110.534,105.496,111.759,76.093,108.798,107.313,150.969,133.033,196.489,151.537,196.293,94.385,47.653,26.218,80.123,273.648,255.643,237.554,308.372
2022-08-01,296.171,305.372,297.178,33.8,127.328,122.657,223.891,358.038,283.882,74.977,70.703,308.550,295.007,318.867,321.534,343.221,275.627,259.954,304.506,357.264,309.739,265.453,145.110,553.429,391.032,372.989,270.334,125.582,106.292,128.452,110.123,106.560,100.520,103.555,72.956,107.444,99.317,149.771,132.754,190.683,153.666,188.633,94.356,47.693,25.902,80.191,270.578,250.704,240.387,306.399
2022-07-01,296.276,325.407,295.646,33.8,125.188,120.569,226.110,405.676,280.974,75.061,70.782,306.278,292.972,318.141,322.115,341.839,274.344,258.315,302.327,354.935,305.797,261.643,144.291,549.562,390.077,370.525,278.958,123.329,105.079,126.620,108.588,103.974,98.023,101.343,71.242,104.627,95.190,149.451,131.614,191.420,153.847,189.479,94.340,47.716,25.433,80.255,270.829,244.618,239.545,303.876
2022-06-01,296.311,340.917,294.680,33.7,126.619,122.430,227.423,439.256,280.562,75.311,71.025,302.967,288.884,316.110,320.989,340.594,273.537,257.287,300.927,352.967,306.293,262.500,143.586,546.717,387.787,368.451,284.644,125.047,106.793,126.475,110.811,105.226,101.274,104.854,72.095,104.637,98.933,151.607,131.277,188.556,152.073,186.494,94.374,47.724,25.921,80.909,268.376,246.139,234.207,300.207
2022-05-01,292.296,316.761,292.506,34.2,126.970,123.127,223.076,402.040,279.356,75.341,71.053,300.081,285.953,314.929,321.060,341.594,272.293,256.147,297.868,350.580,295.153,250.594,142.736,543.488,386.273,365.969,274.282,126.066,106.352,128.697,110.537,106.687,99.665,107.315,72.475,107.807,99.311,149.057,130.748,185.496,151.856,182.834,94.454,47.786,25.346,81.013,268.222,238.086,237.643,295.666
2022-04-01,289.109,298.469,290.846,34.6,127.126,123.096,219.647,372.220,278.647,75.576,71.284,296.915,282.161,310.399,319.884,339.385,271.376,255.213,295.259,348.389,286.339,241.059,142.110,541.515,385.307,363.652,266.892,125.928,104.380,129.199,110.823,107.458,98.683,109.685,73.644,107.067,101.844,148.427,130.835,183.522,152.890,180.142,94.482,47.793,25.026,80.598,266.009,233.085,241.837,286.935
2022-03-01,287.504,298.246,289.305,34.8,128.919,124.868,219.057,375.027,278.388,75.866,71.568,294.064,278.612,305.116,317.642,337.503,270.352,254.111,293.577,346.618,283.376,238.029,141.358,539.739,385.084,361.783,264.525,127.740,100.761,132.048,112.418,109.488,100.774,111.238,75.798,107.575,101.935,150.070,131.151,187.593,151.237,185.559,94.339,47.778,25.375,80.472,263.619,243.372,237.240,278.705
2022-02-01,283.716,267.771,288.059,35.2,127.868,124.996,213.960,313.522,278.380,76.267,71.959,291.244,274.568,301.240,313.597,333.675,269.128,252.862,291.504,344.607,279.032,233.300,140.306,536.932,384.304,359.655,253.150,127.924,101.759,131.284,112.378,107.893,103.003,106.533,73.673,108.355,100.724,149.399,130.164,182.549,153.529,178.778,94.934,48.117,25.623,80.499,260.080,237.715,232.694,274.557
2022-01-01,281.148,260.653,285.996,35.6,124.079,120.948,210.918,297.454,278.087,76.292,71.991,288.264,270.711,298.441,311.191,327.451,266.749,249.954,289.889,342.604,278.758,233.373,139.162,535.048,382.984,357.543,248.424,122.869,98.443,125.670,111.432,102.766,100.717,100.998,69.732,103.677,96.780,147.901,127.319,190.928,152.118,189.367,94.778,48.073,25.746,80.549,258.369,231.335,232.720,269.905
2021-12-01,278.802,256.207,283.908,35.9,121.068,117.390,208.602,296.391,277.904,76.298,71.986,285.556,267.555,297.604,312.139,321.931,265.410,247.561,287.511,341.241,270.831,225.435,136.787,530.026,379.611,356.091,246.499,119.059,94.305,120.898,108.730,100.767,96.300,102.625,68.764,100.209,94.434,145.560,126.630,177.170,150.074,173.210,94.735,48.139,25.680,80.481,258.211,223.042,234.362,267.769
2021-11-01,277.948,259.100,282.754,36.0,122.383,119.242,207.708,302.635,278.097,76.294,71.974,284.168,266.384,299.228,316.520,318.436,264.957,246.445,286.308,339.997,270.444,225.221,135.345,528.877,379.483,354.787,245.532,121.205,98.490,121.689,109.477,102.385,99.214,105.767,69.792,101.159,95.558,146.328,126.685,174.715,145.114,171.902,94.762,48.176,25.540,80.147,263.869,231.732,236.883,267.483
2021-10-01,276.589,255.338,281.617,36.2,124.323,119.422,206.134,294.326,278.047,76.391,72.070,282.943,265.478,297.377,314.292,318.316,264.748,246.307,285.310,338.671,270.577,225.447,134.745,527.564,379.003,353.377,241.042,121.596,97.734,121.520,108.897,105.143,105.178,110.018,71.470,103.083,97.898,146.220,127.389,184.240,147.534,183.358,94.795,48.176,25.902,80.081,262.199,236.034,236.503,265.358
2021-09-01,274.310,248.228,279.884,36.5,123.406,118.796,203.313,283.095,277.551,76.341,72.107,280.452,262.695,293.217,308.306,315.428,264.980,244.840,283.744,337.451,266.559,221.196,133.462,524.818,376.842,352.081,236.373,121.530,96.970,123.337,106.268,102.986,101.866,108.798,69.145,103.043,98.452,146.376,126.999,188.399,148.287,188.476,94.680,48.178,25.083,80.167,256.442,236.459,225.262,263.135
2021-08-01,273.567,246.639,279.507,36.6,121.194,116.610,202.496,281.730,275.373,76.061,71.831,278.201,259.825,288.367,301.283,313.672,264.315,244.968,282.391,336.284,264.303,218.980,132.076,525.247,375.685,350.863,238.333,119.797,95.785,124.057,102.497,100.925,94.009,101.970,67.877,103.760,94.809,143.982,126.541,191.241,151.745,190.855,94.446,47.978,25.982,79.718,253.417,229.619,228.555,264.382
2021-07-01,273.003,244.800,279.146,36.6,119.078,113.589,201.615,280.040,273.812,75.808,71.588,277.187,259.022,286.994,300.549,312.875,263.226,243.789,281.604,335.812,262.320,217.106,131.024,524.219,376.323,350.358,239.722,115.653,86.959,126.054,103.592,99.454,91.264,98.220,67.533,101.755,93.713,142.475,123.653,189.214,152.476,187.945,94.370,48.065,25.782,78.889,251.620,223.932,228.531,260.680
2021-06-01,271.696,240.720,278.218,36.8,120.324,113.204,200.209,273.459,273.169,75.748,71.532,275.380,257.412,282.993,296.597,315.211,262.913,241.907,280.366,334.222,260.400,215.355,131.131,522.989,375.697,348.684,237.701,115.050,85.494,127.070,104.000,101.689,94.113,99.101,69.900,102.200,97.195,144.216,123.835,186.471,153.739,183.902,94.437,48.149,25.908,78.842,246.128,224.633,224.766,255.917
2021-05-01,269.195,235.339,275.893,37.1,120.951,114.749,197.117,267.532,272.544,75.721,71.508,273.441,255.516,275.776,285.991,315.748,261.711,241.814,278.648,332.454,255.631,210.371,131.086,523.918,377.191,346.824,229.689,116.911,86.992,130.741,104.367,101.668,92.265,98.632,69.820,102.941,98.827,144.981,123.833,186.617,151.157,185.072,94.251,48.123,26.386,79.062,236.751,214.351,214.056,253.544
2021-04-01,267.054,229.116,273.968,37.4,120.656,115.006,194.456,257.289,271.829,75.630,71.420,272.367,254.760,271.459,280.945,314.973,261.265,242.303,277.258,331.354,253.460,207.988,129.321,524.585,377.284,345.661,222.547,116.578,85.788,129.009,106.748,102.048,90.855,101.292,70.107,102.892,97.308,144.842,122.947,182.968,153.380,179.488,94.046,48.111,26.131,79.231,233.987,214.204,212.226,248.794
2021-03-01,264.877,225.861,271.713,37.8,120.746,115.850,191.877,252.840,271.559,75.255,71.054,271.135,253.231,268.457,276.764,311.168,260.652,241.735,276.028,330.122,251.797,206.271,128.350,524.734,375.111,344.364,215.761,117.403,87.996,127.251,107.644,102.772,93.535,101.000,71.297,101.746,97.114,142.743,123.915,182.651,149.586,180.516,94.139,48.150,26.635,78.632,228.590,212.316,208.450,246.176
2021-02-01,263.014,213.277,270.696,38.0,119.998,115.138,189.402,227.412,272.539,75.412,71.208,270.672,252.716,266.606,275.065,309.993,260.011,240.366,275.137,329.005,251.277,205.820,127.935,524.207,374.905,343.181,209.054,117.781,90.675,128.495,103.015,101.789,94.216,93.886,71.908,99.315,100.765,141.815,121.928,175.144,146.121,172.078,94.321,48.311,26.186,78.344,228.134,221.941,205.226,244.068
2021-01-01,261.582,205.273,269.755,38.2,117.785,113.504,187.790,212.676,272.238,75.361,71.199,270.260,252.107,265.922,273.843,309.954,259.765,239.535,274.336,328.282,248.879,203.476,127.716,522.133,377.546,342.373,205.631,115.305,86.658,126.647,104.455,97.492,90.642,90.881,67.981,96.923,101.155,140.705,119.186,179.725,146.565,177.861,94.165,48.312,26.280,78.485,226.453,210.361,203.256,245.840
2020-12-01,260.474,198.155,269.226,38.4,114.434,108.861,186.063,198.997,272.437,75.311,71.171,269.383,251.253,264.475,272.013,306.506,259.397,239.497,273.684,327.702,247.236,202.017,127.367,518.766,377.921,341.779,203.560,110.482,85.168,112.516,100.567,95.138,90.811,95.022,64.654,95.971,96.825,135.585,119.693,165.197,146.158,159.141,94.057,48.306,26.590,78.415,224.361,202.600,208.335,244.527
2020-11-01,260.229,194.388,269.473,38.4,116.602,110.649,185.594,192.126,272.359,75.313,71.176,268.539,250.407,265.307,272.939,306.311,259.995,238.477,273.290,327.435,245.807,200.670,127.134,519.848,378.810,341.501,202.828,112.646,86.356,114.246,100.962,98.269,94.160,97.420,66.576,99.802,95.913,137.779,120.861,166.018,143.649,161.160,94.117,48.352,26.142,78.372,225.981,209.243,210.221,246.865
2020-10-01,260.388,196.458,269.328,38.4,119.172,112.383,186.502,196.835,272.465,75.228,71.093,269.169,251.937,265.796,274.473,309.071,258.936,238.600,273.014,327.273,244.978,199.995,126.821,520.725,380.371,341.341,203.086,114.356,89.434,114.354,102.738,102.623,99.713,100.720,71.298,99.818,97.652,139.258,122.262,173.682,144.976,170.613,94.212,48.427,25.002,78.039,229.743,220.397,204.053,246.904
2020-09-01,260.280,198.858,269.054,38.4,119.354,113.745,186.434,199.741,272.241,75.181,71.046,268.465,251.369,265.386,273.730,306.249,257.730,238.535,273.116,327.116,246.471,201.763,126.965,522.528,383.031,341.185,202.715,116.361,92.892,115.273,101.753,102.166,97.313,99.400,71.188,99.653,98.987,138.746,121.059,176.463,144.529,174.396,93.953,48.450,24.823,78.110,227.639,221.066,212.637,247.951
2020-08-01,259.918,197.362,268.756,38.5,116.299,112.272,185.830,198.496,271.626,75.271,71.134,268.383,252.352,266.969,277.383,306.754,257.678,238.184,272.866,326.997,244.948,200.177,126.974,523.295,385.409,341.060,202.386,114.669,91.480,116.366,101.102,97.281,91.239,91.160,67.031,98.349,92.244,138.111,119.910,172.681,145.826,168.990,93.752,48.374,26.309,77.874,230.836,220.614,211.034,247.053
2020-07-01,259.101,197.665,267.703,38.6,114.267,110.290,184.590,198.365,270.659,74.980,70.852,268.132,252.563,271.028,283.826,306.123,256.960,238.852,272.445,326.580,245.125,200.788,126.269,522.686,384.377,340.618,200.766,112.189,92.564,113.384,100.961,95.168,88.076,82.653,66.158,97.329,89.220,137.337,116.826,172.855,141.982,170.675,93.178,48.007,26.661,77.879,233.416,217.932,218.186,247.459
2020-06-01,257.797,193.379,266.302,38.8,114.734,110.683,183.619,189.613,269.993,73.655,69.564,269.051,255.042,281.139,298.033,305.393,258.033,238.444,271.831,325.814,244.717,200.599,125.997,520.734,384.259,339.822,195.609,113.349,91.953,114.360,98.579,96.684,86.832,85.608,68.051,96.870,92.009,135.467,115.745,167.714,142.676,163.733,90.481,46.322,25.931,77.936,238.597,227.745,231.435,252.765
2020-05-01,256.394,183.076,265.799,39.0,114.582,110.121,182.064,173.138,269.725,73.793,69.699,267.792,253.827,275.405,286.185,306.798,257.713,237.997,270.823,325.265,240.361,195.974,125.373,519.194,384.304,339.243,191.419,113.170,89.692,116.206,96.648,97.548,86.729,89.423,68.672,96.848,91.938,133.844,116.225,166.095,143.456,161.334,90.607,46.373,26.532,78.100,229.467,221.910,221.889,252.418
2020-04-01,256.389,183.081,266.089,39.0,118.394,112.671,182.141,174.001,269.614,73.854,69.756,266.137,251.717,266.263,270.149,304.809,256.423,238.181,270.184,324.522,239.897,195.534,124.961,517.053,383.911,338.441,193.732,115.466,92.602,116.890,100.054,102.578,89.920,102.499,71.066,102.046,96.745,136.513,119.264,167.097,141.765,163.276,90.621,46.340,26.420,78.145,223.007,210.336,204.752,246.991
2020-03-01,258.115,199.573,267.312,38.7,123.815,119.090,184.364,207.215,269.450,73.719,69.622,262.320,245.163,254.724,261.489,299.641,255.660,238.175,270.273,324.615,241.160,196.998,124.469,515.605,384.498,338.549,203.854,122.359,107.270,122.108,104.624,108.686,97.690,113.973,74.646,107.258,97.564,138.063,125.024,171.237,143.381,168.042,90.416,46.295,27.477,78.061,217.168,219.842,190.618,235.803
2020-02-01,258.678,208.354,267.268,38.7,124.438,120.077,185.331,223.913,269.360,73.793,69.693,261.487,244.054,253.396,260.417,299.817,254.831,237.978,270.281,324.254,242.951,199.117,124.636,513.923,384.701,338.144,207.772,123.976,108.926,125.493,103.315,108.011,97.646,112.785,73.723,107.774,97.423,141.221,125.659,173.122,141.651,171.147,90.417,46.302,27.816,78.561,216.823,209.558,193.058,232.820
2020-01-01,257.971,213.043,266.004,38.8,120.853,116.548,185.055,232.906,268.841,73.790,69.749,260.638,243.110,252.905,259.503,301.679,253.592,237.024,269.468,323.053,243.739,200.219,124.151,512.149,386.331,336.889,208.284,119.589,102.626,125.004,102.959,103.180,92.081,102.814,70.494,104.803,93.943,140.498,124.184,173.010,140.923,171.278,90.529,46.404,27.690,78.839,215.090,204.344,188.587,231.801
2019-12-01,256.974,212.982,264.935,38.9,119.111,112.442,184.441,234.651,268.700,73.541,69.532,259.403,241.750,252.893,258.572,297.105,252.361,235.310,268.236,321.766,241.788,198.426,123.462,509.689,387.533,335.522,208.482,113.414,98.326,111.673,106.406,103.033,97.225,107.060,70.868,100.623,94.203,138.699,122.639,163.426,137.653,160.068,90.287,46.412,28.020,78.133,213.177,199.772,191.834,234.502
2019-11-01,257.208,214.636,265.108,38.9,122.986,117.218,185.186,237.972,268.880,73.578,69.569,259.080,241.726,250.491,257.298,297.472,252.463,235.797,267.925,321.267,241.459,198.123,123.733,507.541,383.025,334.992,209.763,118.951,109.803,113.678,108.679,107.423,103.916,112.622,73.930,103.796,93.981,141.208,125.078,169.844,140.624,168.345,90.172,46.387,28.077,77.790,215.040,210.880,191.235,230.686
2019-10-01,257.346,216.351,265.059,38.9,126.154,122.583,186.012,240.279,268.878,73.190,69.189,259.284,242.340,250.592,257.392,301.318,253.207,235.578,267.794,320.762,242.207,199.089,124.256,506.100,383.498,334.457,210.487,124.179,116.754,116.864,114.325,110.066,108.532,120.680,75.001,105.826,95.866,142.000,126.687,173.276,141.002,173.761,89.746,46.299,28.880,76.840,216.288,217.184,186.006,231.472
2019-09-01,256.759,215.418,264.522,38.9,127.009,122.579,185.508,236.493,268.357,73.195,69.196,258.646,241.543,249.740,256.336,297.309,253.261,234.603,267.822,320.569,243.643,200.855,124.183,501.468,379.530,334.257,209.350,124.012,114.314,117.721,114.831,112.179,108.463,119.459,78.163,105.279,96.695,142.927,126.906,171.672,136.326,174.910,89.518,46.322,28.956,76.638,215.449,214.492,191.184,229.692
2019-08-01,256.558,216.978,264.169,39.0,123.641,117.794,185.686,238.431,266.979,73.272,69.271,258.154,241.153,249.277,256.510,298.600,253.314,234.749,267.263,319.679,244.540,201.914,123.818,500.916,382.519,333.319,211.084,120.150,110.312,115.176,107.293,108.560,104.273,109.859,75.836,103.661,91.576,140.848,124.535,173.751,140.258,175.162,89.300,46.368,28.997,77.168,214.593,212.864,193.160,230.637
2019-07-01,256.571,222.492,263.566,39.0,122.161,116.315,186.319,248.629,264.882,73.219,69.218,258.015,241.359,250.033,257.517,299.350,253.129,234.077,267.101,319.136,245.205,202.787,124.361,497.687,380.278,332.736,213.405,118.979,106.183,118.094,104.890,106.272,103.955,107.440,73.199,103.742,93.289,137.726,122.655,177.463,141.049,180.707,89.346,46.431,29.322,76.993,216.545,208.138,194.467,230.398
2019-06-01,256.143,221.373,263.177,39.0,123.749,116.960,186.112,246.818,264.612,73.034,69.038,257.778,241.407,249.231,255.364,298.611,252.538,233.136,266.461,318.300,244.703,202.402,124.237,495.563,379.462,331.856,213.073,119.096,103.260,118.911,107.168,108.908,105.431,115.412,75.128,104.327,96.239,138.280,124.791,177.958,141.407,181.241,89.237,46.458,30.486,77.101,213.406,202.671,186.744,232.471
2019-05-01,256.092,225.773,262.590,39.0,124.429,118.169,187.236,259.310,264.199,72.989,68.994,257.791,242.145,250.356,256.110,302.352,252.101,233.542,265.137,317.188,241.390,198.961,123.344,494.928,381.066,330.698,215.391,120.434,106.527,118.821,107.941,111.179,102.921,121.222,76.659,106.466,92.578,138.904,123.787,171.410,139.609,171.788,89.069,46.400,29.658,76.739,213.819,204.382,194.708,232.053
2019-04-01,255.548,222.499,262.332,39.1,125.542,118.100,186.884,253.547,263.944,73.032,69.037,257.393,241.878,249.203,253.466,303.503,251.758,232.902,264.452,316.263,240.773,198.366,123.345,493.331,381.256,329.726,214.142,120.290,106.505,118.065,108.109,113.256,105.705,124.648,78.256,107.395,94.585,137.391,124.457,171.443,142.682,169.331,89.004,46.427,29.548,76.849,208.776,198.315,189.769,232.401
2019-03-01,254.202,211.724,261.836,39.3,125.785,120.101,184.993,231.228,263.905,72.943,68.950,257.430,242.555,249.062,253.252,305.399,252.087,232.888,263.886,315.135,241.550,199.429,123.746,492.306,379.568,328.536,208.836,122.194,111.910,117.141,110.359,112.666,106.212,126.618,77.967,105.303,94.439,139.937,124.071,167.946,139.287,166.273,88.859,46.342,30.847,76.456,209.921,203.141,184.792,230.655
2019-02-01,252.776,202.740,261.114,39.6,125.631,123.010,183.001,213.270,263.620,73.097,69.100,256.997,242.057,248.597,251.201,304.621,252.599,233.515,263.057,313.880,241.549,199.581,123.750,491.227,377.949,327.206,204.236,124.129,111.946,121.030,116.233,109.900,107.268,121.247,76.719,100.976,96.147,141.710,123.645,168.375,129.565,174.938,88.861,46.399,31.123,77.213,206.798,190.120,186.512,232.813
2019-01-01,251.712,200.563,260.122,39.7,122.422,117.188,181.815,207.727,263.125,73.103,69.184,256.185,241.381,248.169,251.079,304.605,251.688,232.227,262.284,312.696,242.374,200.575,123.334,490.204,379.777,325.960,202.570,117.153,104.990,117.245,114.172,107.441,104.761,111.501,74.583,102.440,91.797,142.980,120.971,170.996,136.069,173.992,88.893,46.465,31.014,77.164,208.362,195.364,180.888,230.124
2018-12-01,251.233,205.905,259.083,39.8,120.526,114.640,181.754,218.497,263.199,73.007,69.134,255.023,239.989,247.327,249.641,301.134,251.131,231.818,261.360,311.652,242.343,200.390,122.265,487.409,378.190,324.863,204.541,114.875,101.687,111.041,110.849,106.242,104.252,114.983,72.709,102.025,91.676,139.105,119.831,163.222,133.467,163.152,88.886,46.534,31.550,76.758,205.951,192.080,188.385,230.602
2018-11-01,252.038,215.910,259.105,39.7,124.935,119.156,184.077,241.633,263.119,73.031,69.153,254.262,239.352,247.954,251.047,296.362,251.326,232.024,260.473,310.950,239.691,197.632,121.778,486.886,380.658,324.118,209.924,120.083,105.268,114.118,113.081,111.743,110.024,122.327,77.076,105.145,96.047,139.776,122.781,167.880,138.193,167.058,88.976,46.633,32.262,76.673,209.330,200.186,187.146,230.461
2018-10-01,252.885,225.757,259.063,39.5,129.108,122.947,186.071,259.561,262.947,73.862,69.964,254.203,239.882,247.966,251.184,298.531,250.757,231.401,260.268,310.382,240.641,199.381,122.038,485.269,379.662,323.524,213.482,124.771,111.617,118.631,113.969,116.284,113.513,132.284,81.056,105.651,100.905,140.433,125.750,176.395,152.479,169.580,90.417,47.701,32.143,76.434,209.880,203.382,191.505,231.500
2018-09-01,252.439,226.165,258.429,39.6,127.440,119.400,185.571,257.575,262.336,74.099,70.195,254.178,240.125,248.876,252.960,298.432,249.921,231.694,259.941,309.702,242.834,201.859,121.390,484.708,380.535,322.800,212.414,121.738,107.411,116.201,108.911,115.858,116.842,137.051,79.999,104.336,97.800,140.731,124.254,173.317,139.824,174.792,90.600,47.656,32.077,76.532,212.171,206.461,191.128,230.108
2018-08-01,252.146,226.939,258.012,39.7,122.447,114.297,185.366,256.520,260.613,73.983,70.083,253.779,240.015,250.743,254.583,297.644,248.407,231.433,259.884,309.296,245.052,204.275,121.138,484.172,382.171,322.368,213.482,117.879,101.868,114.127,100.056,108.902,99.895,124.246,73.903,105.463,90.263,141.127,122.330,173.258,136.713,177.239,90.516,47.657,32.186,76.368,213.421,203.159,192.279,232.327
2018-07-01,252.006,227.107,257.867,39.7,122.831,115.880,185.531,257.338,257.477,74.171,70.267,253.476,239.820,250.042,253.451,297.632,248.469,231.655,259.268,308.393,244.269,203.747,121.480,485.193,381.954,321.421,214.039,119.836,102.472,117.175,100.434,108.796,97.461,115.407,75.704,104.361,89.702,139.426,123.501,174.726,137.875,178.738,90.878,47.872,32.166,76.509,210.947,204.692,187.005,234.658
2018-06-01,251.989,229.137,257.697,39.7,125.382,117.077,185.965,260.848,256.679,74.129,70.228,253.022,239.158,248.609,252.025,295.523,248.844,231.603,258.710,307.521,244.560,204.238,121.408,486.019,385.121,320.523,214.679,119.836,102.920,120.039,105.334,114.511,100.451,124.636,81.565,104.357,92.444,137.608,126.150,170.878,134.969,174.695,90.749,47.874,31.786,76.169,209.280,205.612,188.679,233.324
2018-05-01,251.588,226.810,257.469,39.7,128.362,119.271,186.199,260.020,256.090,73.997,70.099,252.848,239.287,249.449,252.029,297.211,248.126,231.533,257.907,306.913,240.911,200.450,121.571,484.853,383.734,319.889,214.125,121.650,105.636,121.689,108.658,118.076,104.121,132.699,83.195,108.237,96.987,140.561,127.133,174.122,136.992,178.452,90.708,47.887,31.693,75.327,209.507,199.927,187.872,232.971
2018-04-01,250.546,218.830,257.025,39.9,129.365,119.362,185.271,246.387,255.564,73.808,69.916,252.999,240.129,251.922,254.103,296.863,248.818,231.585,256.969,305.716,238.857,198.418,122.031,484.034,380.479,318.657,210.734,122.155,106.508,119.365,107.455,119.306,109.294,140.066,83.671,107.141,99.543,141.355,128.332,175.070,138.534,178.772,90.579,47.835,32.084,74.560,209.714,194.568,190.688,233.085
2018-03-01,249.554,212.554,256.610,40.1,128.604,118.772,183.780,232.716,255.609,73.883,69.988,252.182,239.158,249.516,252.836,293.870,248.287,230.011,256.388,304.847,239.786,199.657,121.484,483.984,381.804,317.743,207.845,122.498,108.085,119.854,103.965,118.099,103.999,137.220,83.092,106.956,97.220,141.614,130.166,176.485,136.671,182.656,90.601,47.822,31.944,74.933,211.243,198.570,185.371,232.964
2018-02-01,248.991,213.519,255.783,40.2,126.587,120.244,183.385,233.414,256.291,74.015,70.117,252.076,239.190,247.095,250.258,298.503,248.166,229.218,255.713,303.653,240.938,200.993,121.376,482.897,381.975,316.485,207.359,124.028,109.818,123.702,105.219,115.136,100.501,127.383,80.853,107.322,94.332,138.757,126.446,175.600,137.580,180.437,90.627,47.712,32.401,75.266,209.685,191.515,187.079,231.909
2018-01-01,247.867,210.663,254.638,40.3,122.266,116.226,182.434,230.005,256.150,74.354,70.473,252.109,239.828,247.284,250.789,301.814,247.359,228.771,254.857,302.928,238.770,198.873,120.834,481.060,380.846,315.725,205.338,119.594,107.112,120.236,102.606,109.322,97.022,116.103,75.844,105.695,93.287,136.262,121.772,171.447,135.959,174.834,90.958,47.972,33.468,75.919,211.114,194.308,186.512,231.017
2017-12-01,246.524,206.598,253.558,40.6,120.614,112.770,180.946,222.389,256.469,74.314,70.458,251.024,238.579,248.420,251.835,296.476,246.791,227.736,253.845,301.985,237.423,197.705,119.778,477.802,380.087,314.740,203.023,116.542,104.554,114.362,97.981,107.066,101.468,116.545,73.289,103.402,95.807,133.372,122.610,166.793,132.805,169.649,91.066,48.066,32.530,75.928,208.931,196.570,183.583,233.965
2017-11-01,246.669,209.383,253.492,40.5,125.398,117.069,181.847,229.195,256.721,74.295,70.440,250.694,238.403,247.027,252.203,296.791,246.991,227.997,253.177,301.185,236.410,196.686,119.733,477.198,378.328,313.899,204.014,121.168,109.619,118.487,101.095,114.004,112.740,123.284,79.218,107.348,96.743,138.282,124.923,173.407,139.536,175.252,90.893,48.090,32.939,75.896,212.177,202.804,187.552,230.366
2017-10-01,246.663,207.290,253.638,40.5,129.570,120.191,182.116,223.219,256.435,74.147,70.295,251.130,239.543,248.413,254.241,299.700,246.621,227.947,253.125,300.846,237.015,197.585,120.237,477.121,377.038,313.538,202.457,124.153,116.324,119.238,104.627,119.325,120.075,129.570,83.162,111.305,101.461,139.160,127.773,178.011,142.064,180.807,90.559,47.944,33.395,75.773,217.396,213.643,186.171,232.254
2017-09-01,246.819,215.711,252.941,40.5,128.150,118.393,182.903,234.982,255.783,73.994,70.145,250.735,239.128,247.613,254.301,297.047,245.884,227.454,252.984,299.844,241.574,202.677,120.014,476.485,377.869,312.473,204.775,121.409,112.728,116.593,106.056,116.910,116.935,127.686,82.309,107.402,100.177,138.925,128.083,178.219,139.385,183.205,90.271,47.730,32.785,75.788,217.429,207.655,185.582,231.866
2017-08-01,245.519,205.894,252.460,40.7,124.147,115.875,180.763,212.978,253.805,74.011,70.161,250.212,238.843,247.985,255.290,295.009,245.042,227.105,252.615,299.157,241.936,203.169,120.236,476.869,381.114,311.749,200.652,118.882,106.506,117.903,103.611,112.207,111.401,118.513,78.124,106.382,93.868,138.720,126.306,177.005,139.872,180.853,90.112,47.550,33.425,75.835,216.559,209.868,186.454,232.404
2017-07-01,244.786,202.554,251.936,40.9,122.485,114.252,180.043,205.222,252.115,74.131,70.281,249.930,238.953,247.761,255.333,294.935,244.706,227.509,251.870,297.919,242.119,203.569,120.526,476.126,380.302,310.444,199.466,118.902,103.301,120.735,96.473,110.363,103.115,115.164,76.953,106.198,91.489,137.338,126.077,174.586,137.517,178.722,90.116,47.580,33.805,75.920,213.628,210.671,182.725,231.926
2017-06-01,244.955,204.646,252.014,40.8,124.630,116.006,180.720,209.905,251.658,74.365,70.511,249.398,238.300,245.756,251.822,294.788,244.597,227.018,251.629,297.446,241.940,203.481,121.025,474.360,376.182,309.949,201.263,121.439,108.065,120.182,95.550,113.546,104.952,121.342,80.601,105.769,92.992,138.805,128.579,173.216,133.540,179.546,90.216,47.735,33.269,77.169,210.527,202.870,183.292,231.781
2017-05-01,244.733,203.132,251.835,40.9,126.563,118.594,181.489,213.613,250.959,74.618,70.760,249.749,238.964,243.815,248.510,298.470,244.785,226.370,250.376,296.503,236.615,197.732,121.234,473.512,373.631,308.960,202.212,123.247,110.560,121.542,100.724,115.454,109.388,123.300,80.941,108.927,94.386,140.005,129.801,173.937,137.654,177.560,90.722,48.118,33.051,77.342,208.626,193.645,185.612,231.895
2017-04-01,244.524,202.869,251.642,40.9,128.349,116.969,182.041,216.791,251.001,74.834,70.974,249.538,238.817,243.330,248.077,298.164,245.500,226.557,249.514,295.706,233.827,194.763,121.322,473.582,373.231,308.121,202.389,120.874,106.021,118.949,101.655,119.079,112.344,131.247,84.096,109.751,98.055,141.741,130.526,177.112,136.659,183.497,90.935,48.153,32.243,77.616,208.028,194.338,180.404,230.537
2017-03-01,243.801,198.597,251.290,41.0,128.250,118.328,181.136,209.029,251.113,75.275,71.409,248.967,238.256,244.306,249.389,292.932,244.978,226.301,248.978,295.044,232.714,193.703,121.548,474.561,376.440,307.446,200.091,122.942,110.796,117.825,100.592,119.569,115.052,132.910,85.060,108.188,98.342,140.837,128.707,171.944,126.812,182.644,91.971,49.002,32.547,77.074,210.381,204.289,183.655,231.309
2017-02-01,243.603,198.195,251.143,41.1,126.100,121.013,180.607,206.984,251.356,77.874,73.974,248.595,237.918,243.057,246.580,292.222,244.622,226.263,248.693,294.444,233.688,194.837,121.508,474.546,376.078,306.821,199.147,126.344,113.152,125.731,100.809,113.770,107.397,122.470,80.772,105.207,93.666,139.343,125.794,175.353,132.116,184.122,96.765,52.679,32.928,76.901,206.227,192.939,182.170,228.979
2017-01-01,242.839,199.608,250.083,41.2,123.088,117.309,180.298,211.110,251.122,78.190,74.362,248.074,237.365,242.596,244.995,291.679,244.516,226.017,247.942,293.560,232.516,193.787,121.430,471.700,374.150,305.891,199.292,121.524,108.391,121.427,100.939,109.611,101.674,114.664,76.874,104.739,93.049,136.879,126.319,170.302,130.419,177.198,97.372,53.435,33.310,77.164,202.929,191.646,177.097,228.707
2016-12-01,241.432,193.306,249.134,41.4,122.637,113.982,178.700,200.633,251.466,78.135,74.321,247.134,236.464,241.612,246.064,291.957,243.414,225.796,246.795,292.612,229.492,190.931,120.712,469.447,371.561,304.892,196.252,116.934,103.183,113.462,101.937,110.497,105.033,115.640,77.538,104.986,94.693,136.722,128.563,162.278,123.631,169.343,97.441,53.522,32.375,77.090,202.587,191.459,181.695,228.209
2016-11-01,241.353,191.402,249.227,41.4,127.377,118.943,179.020,196.855,251.155,78.228,74.414,247.246,236.930,243.633,248.228,293.554,243.395,225.548,246.271,291.953,228.801,190.269,120.717,469.333,371.540,304.202,195.411,121.939,112.158,115.032,106.660,116.881,112.869,123.097,83.447,107.796,98.244,137.842,130.406,166.545,125.458,174.890,97.409,53.578,32.668,77.452,205.754,200.084,184.808,230.215
2016-10-01,241.729,194.786,249.218,41.4,130.328,121.682,180.306,201.412,251.173,78.113,74.299,247.861,238.145,244.770,250.377,295.616,243.674,225.295,246.264,291.407,230.610,192.498,121.390,469.230,373.792,303.632,196.185,124.553,117.855,115.779,109.771,119.905,116.375,129.962,85.926,108.472,101.590,140.098,133.265,172.405,131.220,180.008,97.454,53.739,33.372,76.559,209.885,206.389,187.594,231.480
2016-09-01,241.428,195.852,248.731,41.4,128.429,120.312,179.850,197.603,250.469,78.503,74.683,247.645,238.120,246.642,252.282,293.423,242.614,225.434,246.127,290.445,235.057,197.425,121.126,469.154,374.142,302.616,195.402,124.107,117.601,116.781,105.306,117.405,114.128,126.888,83.438,107.596,99.630,139.330,131.348,172.272,131.377,179.671,97.833,54.033,34.100,77.132,212.456,209.063,187.903,231.423
2016-08-01,240.849,193.524,248.278,41.5,124.871,118.765,179.140,193.119,248.580,79.142,75.313,247.420,238.088,246.547,253.514,292.156,242.009,224.621,245.472,289.605,234.407,196.863,121.048,468.379,372.106,301.728,195.198,123.420,115.503,120.656,100.884,111.795,108.939,116.181,79.172,104.682,91.522,137.197,128.540,175.444,131.885,184.447,99.032,54.786,33.996,76.971,214.591,207.932,194.413,230.195
2016-07-01,240.628,195.940,247.744,41.6,123.030,117.815,179.389,198.978,246.478,79.156,75.327,247.267,238.207,246.875,252.562,291.960,242.032,224.563,244.936,288.780,233.713,196.422,121.565,464.164,366.784,300.859,197.145,121.734,109.623,120.938,102.437,111.041,102.556,109.451,78.684,107.279,86.675,136.548,124.092,171.861,133.882,177.077,98.940,54.848,34.445,76.955,213.542,207.125,196.443,230.537
2016-06-01,241.018,200.035,247.794,41.5,125.472,119.266,180.748,209.953,245.911,79.419,75.586,247.207,238.430,248.016,254.264,292.733,242.133,224.201,244.280,288.069,231.941,194.481,121.769,462.075,364.501,300.113,200.262,123.258,111.626,120.416,103.618,115.135,106.236,119.752,82.153,107.801,93.421,136.567,125.746,170.688,131.428,177.051,99.171,54.989,34.277,77.361,212.274,205.605,192.342,231.122
2016-05-01,240.229,192.673,247.544,41.6,127.758,121.469,180.590,201.355,245.419,79.624,75.789,247.580,239.354,248.989,254.104,295.974,242.430,224.060,242.811,286.924,226.197,188.232,121.820,461.230,361.866,298.907,198.613,126.001,114.920,123.357,103.956,116.576,110.591,124.010,83.411,107.077,95.453,139.759,129.483,171.108,131.282,177.848,99.307,54.967,34.219,77.625,209.665,197.023,190.777,232.182
2016-04-01,239.261,185.652,246.992,41.8,127.770,119.482,179.941,189.322,245.206,80.039,76.200,248.095,240.635,250.839,255.100,296.217,242.407,223.553,241.790,285.836,223.529,185.549,122.012,459.994,363.843,297.765,195.491,123.248,110.223,120.470,104.591,118.128,112.041,128.450,85.208,106.164,96.077,142.075,129.780,165.689,127.110,172.227,99.726,55.294,35.749,77.928,210.359,197.623,190.269,232.688
2016-03-01,238.132,179.017,246.358,42.0,127.427,117.951,178.437,174.500,244.876,80.088,76.199,247.677,240.329,250.837,255.276,298.162,242.230,223.241,241.485,285.196,223.918,186.198,122.389,458.620,362.386,297.083,191.257,122.454,106.540,119.898,100.600,118.003,112.688,126.487,85.304,106.271,98.366,141.288,129.107,165.622,128.774,170.839,99.712,55.280,35.157,78.402,208.566,202.653,189.404,230.461
2016-02-01,237.111,172.061,245.680,42.2,125.567,119.151,177.049,159.404,244.864,80.046,76.158,248.459,242.062,251.290,254.262,306.778,242.437,222.707,241.015,284.435,224.063,186.518,122.482,458.295,361.435,296.275,187.345,123.665,107.756,126.601,101.740,112.200,110.999,116.180,79.208,105.361,96.554,141.491,127.174,171.490,134.767,175.793,99.758,55.267,35.883,77.799,208.406,200.865,188.200,231.414
2016-01-01,236.916,180.171,244.528,42.2,121.878,117.184,177.661,175.931,244.710,80.342,76.490,248.241,242.017,251.783,254.215,306.796,241.535,222.259,240.424,283.498,224.537,187.209,122.348,454.175,357.414,295.295,190.162,120.304,106.139,122.810,104.518,107.355,111.136,106.391,74.960,103.212,94.371,136.671,125.739,163.268,123.781,170.841,100.371,55.850,36.109,77.657,210.268,201.281,187.370,231.368
2015-12-01,236.525,183.378,243.779,42.3,122.792,117.445,178.016,184.048,244.777,80.227,76.393,247.468,241.375,255.298,256.932,299.078,240.128,221.928,239.514,282.394,223.521,186.361,122.100,451.072,355.030,294.137,191.528,120.852,102.792,118.334,103.801,110.148,110.278,111.288,77.620,104.513,94.264,134.994,127.630,155.163,120.634,160.056,100.228,55.883,36.369,76.988,211.416,201.479,194.638,232.093
2015-11-01,237.336,189.267,244.075,42.1,127.039,120.613,179.825,195.291,244.865,80.355,76.521,247.870,242.240,259.141,261.591,298.037,240.512,222.367,239.325,281.932,224.606,187.674,121.994,451.371,356.286,293.667,194.404,123.523,109.473,118.094,108.420,115.931,118.059,122.981,82.933,105.069,96.682,137.809,130.154,156.234,122.608,160.729,100.269,55.908,36.660,76.875,216.428,208.510,193.013,235.428
2015-10-01,237.838,194.501,243.985,42.0,129.446,121.393,181.306,203.338,244.700,80.202,76.373,248.575,243.779,261.568,264.906,297.931,240.656,222.252,239.395,281.499,226.784,190.269,122.422,450.065,355.894,293.221,195.858,125.137,114.847,119.522,106.605,119.579,126.826,129.571,85.214,106.688,98.573,137.317,133.480,161.920,124.274,167.637,99.835,55.514,37.114,76.843,221.528,218.647,196.741,236.150
2015-09-01,237.945,201.641,243.359,42.0,128.540,120.686,181.868,211.099,244.351,80.028,76.195,248.090,243.432,263.227,265.345,295.394,239.287,221.315,239.651,280.814,232.417,196.580,122.406,447.289,355.746,292.501,197.593,126.053,116.421,123.475,100.905,117.819,119.399,132.733,83.686,105.422,97.722,137.960,133.141,163.533,122.521,170.439,99.671,55.388,36.917,76.304,220.416,217.486,196.688,234.865
2015-08-01,238.316,213.248,242.651,42.0,124.547,116.892,183.137,233.619,242.076,79.832,75.999,247.196,242.746,263.601,265.154,291.344,239.313,220.752,239.298,280.093,233.847,198.260,122.120,446.536,356.334,291.745,203.377,122.087,115.744,122.310,97.744,112.248,106.686,120.897,79.589,104.547,94.171,139.035,129.184,162.797,124.520,168.707,99.409,55.194,36.776,75.962,219.060,215.852,195.467,236.987
2015-07-01,238.654,219.852,242.436,41.9,122.607,116.979,184.071,246.977,239.680,79.793,75.959,246.558,241.993,261.639,264.988,287.816,239.092,220.808,239.085,279.559,234.137,199.142,122.670,446.773,355.235,291.182,207.218,121.666,111.910,125.317,99.395,109.325,97.182,111.151,77.950,105.102,90.979,138.090,126.867,163.867,124.150,170.266,98.781,54.711,36.382,76.927,217.697,213.388,200.585,238.125
2015-06-01,238.638,220.861,242.354,41.9,124.954,120.040,184.523,247.867,238.669,79.906,76.073,246.245,241.494,261.189,264.536,288.968,238.911,220.988,238.568,278.461,235.136,200.537,123.127,446.271,354.524,290.034,208.012,124.471,113.799,126.365,103.166,113.265,97.751,119.831,81.785,106.126,92.421,137.674,126.798,160.132,123.852,165.426,98.553,54.555,36.926,77.889,215.313,213.794,195.352,239.178
2015-05-01,237.805,214.330,242.119,42.1,127.083,122.014,184.263,242.315,238.219,80.015,76.182,245.846,241.019,257.106,263.120,293.011,239.800,220.101,237.175,277.563,228.748,193.538,123.207,447.213,354.647,289.079,206.386,126.594,114.970,128.360,104.624,116.064,104.149,123.196,84.751,105.712,95.722,140.226,127.794,156.988,122.505,161.768,98.469,54.537,37.244,78.092,214.751,213.419,196.751,235.867
2015-04-01,236.599,203.715,241.802,42.3,128.593,121.454,182.533,220.732,238.003,80.422,76.584,245.746,241.305,258.991,263.991,290.178,239.237,219.852,236.777,276.978,228.304,193.157,123.451,446.663,354.339,288.464,200.245,125.971,111.473,126.512,104.278,118.834,108.406,131.387,86.814,105.865,98.993,139.689,130.284,158.777,122.991,163.956,98.822,54.902,36.831,78.976,214.958,211.320,194.004,240.017
2015-03-01,236.119,204.731,241.067,42.4,128.245,121.829,182.318,221.577,237.447,80.432,76.596,245.689,241.588,260.077,265.816,289.858,239.437,219.877,236.435,276.360,229.829,194.967,122.803,444.020,353.995,287.825,199.363,127.105,115.343,127.367,102.297,118.093,106.777,134.920,85.163,106.095,98.450,136.658,130.436,160.081,123.227,165.596,98.930,54.975,36.944,78.786,221.037,224.192,197.384,240.101
2015-02-01,234.722,196.597,240.083,42.6,124.457,119.608,180.005,201.485,236.814,80.620,76.778,246.269,242.906,260.863,267.185,295.686,239.269,219.536,236.016,275.390,231.912,197.375,122.601,442.783,353.484,286.800,193.944,124.218,112.964,123.636,102.193,111.943,107.531,121.390,79.451,103.512,97.800,137.565,126.252,160.355,124.181,165.598,99.314,55.406,36.601,78.327,224.759,225.557,201.930,239.280
2015-01-01,233.707,192.619,239.248,42.8,122.527,116.422,178.576,192.221,236.820,80.667,76.822,246.100,243.123,260.982,267.215,298.781,238.718,220.071,235.485,274.589,232.309,198.143,122.351,440.969,349.980,285.955,190.871,119.726,108.185,119.665,103.126,109.688,112.412,113.656,76.461,103.976,96.576,137.304,124.585,160.314,122.792,166.069,99.442,55.614,36.585,78.324,227.345,223.955,205.545,238.923
2014-12-01,234.812,209.785,238.775,42.6,123.942,116.073,181.926,230.195,236.066,80.681,76.846,245.585,242.457,261.055,267.048,297.429,238.856,218.850,234.658,273.598,231.150,197.092,122.237,439.720,349.750,284.934,199.777,119.488,107.041,114.222,102.442,112.640,117.620,122.950,78.825,103.447,96.612,136.979,127.439,156.184,119.730,161.753,99.484,55.894,36.807,78.188,227.644,225.163,209.774,237.278
2014-11-01,236.151,221.844,239.248,42.3,129.023,121.002,184.964,257.629,236.098,81.002,77.161,244.902,241.576,260.457,267.256,293.978,239.551,218.752,234.315,273.233,229.680,195.703,122.694,438.445,347.616,284.579,206.874,125.242,113.992,117.456,104.693,119.139,123.781,133.326,84.667,105.985,102.605,138.365,130.492,159.852,121.331,166.009,99.718,56.179,37.288,78.356,231.631,234.507,210.408,238.415
2014-10-01,237.433,234.745,239.413,42.1,131.961,122.342,187.760,281.453,235.920,81.389,77.544,244.775,242.121,259.840,267.674,297.528,238.045,219.074,234.434,272.788,232.192,198.754,123.194,437.027,346.324,284.114,212.626,126.575,115.471,118.955,106.018,122.885,129.769,140.124,87.708,107.135,106.820,139.224,133.725,164.758,124.418,171.346,100.150,56.507,37.138,78.505,236.610,239.559,213.876,236.872
2014-09-01,238.031,247.077,238.841,42.0,130.324,121.230,189.027,299.558,235.378,82.071,78.219,244.260,241.578,260.805,267.709,293.282,237.828,218.563,234.675,272.165,238.285,205.878,122.580,436.575,346.347,283.454,216.383,126.330,119.960,119.701,102.261,120.757,125.238,134.180,87.636,104.348,102.473,140.737,132.707,167.938,125.290,175.232,101.449,57.599,36.970,78.261,238.473,238.459,212.681,238.991
2014-08-01,237.852,250.951,238.296,42.0,125.726,118.382,188.872,305.858,233.634,82.229,78.374,243.497,240.723,258.416,264.322,291.169,237.829,218.423,234.571,271.675,239.790,207.603,122.741,435.777,344.755,282.947,218.279,124.016,113.297,121.582,97.835,115.120,112.086,116.969,83.091,106.108,94.293,139.464,127.267,166.937,122.412,174.995,101.464,57.653,37.426,78.348,238.298,233.452,214.863,238.610
2014-07-01,238.250,257.907,238.138,42.0,124.645,120.810,189.706,318.294,230.807,82.378,78.522,242.674,239.820,253.767,257.017,293.535,236.387,218.165,234.475,271.115,241.250,209.550,123.216,435.924,344.687,282.369,221.867,125.383,112.848,123.184,103.477,111.468,95.907,110.338,80.597,106.928,94.405,139.695,124.840,166.133,123.583,173.486,101.492,57.677,37.252,78.406,233.289,224.094,206.189,237.823
2014-06-01,238.343,259.858,238.157,42.0,127.302,121.985,190.324,322.920,229.983,82.386,78.529,242.027,239.147,252.865,255.849,295.139,236.569,217.655,233.894,270.314,240.396,209.064,123.534,435.352,343.224,281.552,223.543,126.154,117.143,123.703,105.871,117.332,103.385,121.754,85.488,108.720,96.760,139.134,125.589,163.772,122.711,170.685,101.465,57.677,36.886,78.341,231.632,216.353,207.114,236.872
2014-05-01,237.900,255.982,238.029,42.0,128.963,122.974,190.518,322.394,229.576,82.470,78.612,242.065,239.504,251.825,254.666,298.626,236.894,217.697,232.744,269.766,234.483,202.578,123.350,434.874,341.432,280.969,223.392,127.177,119.596,124.037,106.727,119.886,106.011,124.513,87.916,109.852,99.958,136.968,129.195,160.955,120.367,167.838,101.545,57.709,36.586,78.147,230.398,211.130,211.135,235.610
2014-04-01,237.072,252.717,237.509,42.2,129.629,122.506,190.176,320.709,229.237,82.612,78.755,241.103,238.103,249.290,251.915,294.509,236.530,217.715,231.689,268.899,230.588,198.267,123.436,434.054,340.535,280.095,221.972,126.728,118.841,122.414,106.210,121.304,109.914,127.941,89.865,108.021,102.454,137.161,129.076,162.389,121.115,169.455,101.629,57.872,36.680,78.081,223.285,204.898,206.589,232.772
2014-03-01,236.293,250.543,236.913,42.3,128.888,121.113,188.847,311.216,229.061,82.495,78.637,240.226,236.973,245.301,245.388,292.944,236.512,217.532,231.968,268.431,235.139,203.438,123.505,433.369,339.567,279.598,218.435,125.773,119.423,120.541,103.503,121.262,110.678,132.894,89.835,106.053,99.552,135.518,129.341,164.523,122.972,171.582,101.527,57.775,36.726,77.804,216.368,210.867,195.601,235.176
2014-02-01,234.781,242.041,236.075,42.6,125.493,119.806,187.040,298.403,228.835,82.474,78.616,239.476,236.114,242.386,241.414,292.540,236.314,217.023,230.905,267.418,232.014,200.114,123.545,432.769,340.067,278.564,214.673,124.063,117.168,117.329,103.474,115.590,103.278,124.090,84.674,104.428,96.441,136.034,124.768,164.268,122.504,171.421,101.614,57.852,36.996,77.448,212.331,204.716,186.715,233.112
2014-01-01,233.916,239.551,235.367,42.8,124.275,118.994,186.152,294.165,228.373,82.571,78.809,238.792,235.356,240.158,237.374,292.095,236.340,216.414,230.256,266.754,230.098,198.266,123.735,429.621,336.756,277.878,213.450,122.711,114.380,113.065,104.351,113.686,105.873,116.122,82.848,104.409,95.908,137.111,121.228,164.886,119.996,173.191,102.039,58.137,37.261,76.946,211.646,200.784,190.000,234.232
2013-12-01,233.049,234.542,235.000,42.9,126.461,119.602,185.620,289.461,228.578,82.344,78.607,237.820,233.802,239.102,236.919,288.136,235.804,216.109,228.892,265.881,224.407,192.224,123.409,427.089,333.801,276.978,212.911,123.200,115.218,113.014,105.311,116.714,113.548,120.974,85.853,103.725,100.679,134.511,125.344,163.132,120.953,170.502,101.636,58.249,37.237,76.922,210.393,198.996,190.611,233.437
2013-11-01,233.069,233.136,235.243,42.9,129.435,123.037,185.896,286.975,228.514,82.351,78.613,237.585,233.639,238.761,236.963,289.195,235.470,215.749,228.449,265.310,223.566,191.347,123.692,427.740,337.006,276.395,212.844,126.802,118.356,114.957,108.139,119.671,117.695,128.274,87.268,105.862,102.585,136.504,130.220,166.212,121.346,174.810,101.607,58.276,37.866,76.972,210.758,206.038,188.231,232.658
2013-10-01,233.546,238.524,235.162,42.8,131.070,124.709,187.168,295.802,228.242,82.465,78.730,237.794,234.418,239.834,237.922,291.767,235.348,215.380,228.362,264.719,225.244,193.280,124.177,428.082,337.478,275.785,214.943,129.203,117.210,125.265,107.492,121.055,119.280,132.994,89.002,104.546,105.479,137.375,133.096,169.925,121.245,180.336,101.716,58.331,38.479,77.174,215.413,212.717,188.039,237.069
2013-09-01,234.149,248.513,234.782,42.7,129.701,121.744,188.278,309.888,227.833,82.446,78.711,237.444,234.045,238.370,236.931,290.580,234.999,215.410,228.808,264.344,230.318,199.186,124.314,428.026,336.527,275.400,218.088,126.430,117.656,115.484,104.002,119.872,112.567,134.058,89.466,101.622,103.685,137.939,132.844,171.807,122.912,182.146,101.506,58.332,38.287,77.250,214.049,214.490,191.601,235.381
2013-08-01,233.877,250.011,234.258,42.8,125.767,120.236,188.202,313.275,226.224,82.293,78.558,237.348,233.999,237.494,236.497,290.779,235.199,215.289,228.564,264.024,229.850,198.685,124.493,426.866,335.985,275.071,219.217,125.861,113.705,119.204,99.599,113.868,94.218,117.234,85.007,103.221,96.375,138.164,129.803,170.591,117.102,183.703,101.296,58.363,37.927,76.961,213.243,211.512,188.956,234.656
2013-07-01,233.596,251.370,233.792,42.8,124.215,120.293,188.055,314.380,223.340,82.372,78.638,236.957,233.591,235.859,235.158,287.773,235.022,214.915,228.374,263.451,230.899,200.010,124.793,424.836,334.673,274.454,219.992,125.600,114.862,122.140,100.646,110.127,85.407,108.990,81.726,103.647,95.543,136.389,129.226,171.958,124.260,181.592,101.372,58.430,38.294,76.744,210.358,208.325,186.816,231.466
2013-06-01,233.504,251.921,233.640,42.8,126.205,122.520,188.423,315.529,222.158,82.506,78.769,236.726,233.499,235.277,233.883,286.643,234.460,215.058,228.068,262.907,230.506,199.911,125.412,424.264,333.837,273.900,220.044,128.337,122.979,123.261,101.224,113.002,88.783,116.906,84.264,103.497,95.165,135.735,133.353,169.771,123.744,178.669,101.251,58.566,38.491,77.291,206.815,208.734,181.185,232.996
2013-05-01,232.945,247.805,233.462,42.9,127.952,123.931,188.441,314.009,222.058,82.666,78.927,236.474,233.302,233.724,232.734,289.236,234.425,214.854,226.896,262.289,224.847,193.701,125.355,422.834,333.064,273.258,219.438,130.302,124.369,124.798,100.871,116.721,96.921,122.717,88.280,102.720,95.013,135.671,133.856,166.612,121.434,175.349,101.313,58.577,38.476,77.637,205.353,201.565,187.267,229.742
2013-04-01,232.531,244.757,233.236,43.0,128.861,123.346,188.513,312.270,221.882,82.759,79.019,236.761,234.082,234.320,232.471,287.545,234.282,215.041,225.986,261.655,221.382,189.969,125.198,423.815,335.293,272.601,218.592,129.468,124.040,123.539,101.077,119.189,100.719,128.294,90.503,102.748,96.520,137.177,131.898,166.997,121.452,175.905,101.244,58.577,38.744,77.910,204.174,196.912,185.559,229.847
2013-03-01,232.773,249.565,233.052,43.0,128.279,120.427,189.286,324.016,221.861,83.235,79.498,236.267,233.777,233.294,233.278,291.284,234.015,214.754,225.643,261.330,220.251,188.810,125.330,424.154,335.198,272.227,221.080,125.499,121.006,120.991,101.514,119.354,100.188,127.805,91.054,102.545,99.040,137.204,129.917,167.456,122.225,176.136,101.878,59.139,39.307,78.154,205.469,204.338,187.813,228.245
2013-02-01,232.166,248.146,232.432,43.1,126.303,119.655,188.539,320.258,221.742,83.149,79.414,236.230,234.033,233.041,233.096,293.742,233.898,213.934,225.382,260.720,220.992,189.768,125.601,423.221,334.405,271.583,219.491,124.619,120.232,119.399,101.097,114.882,97.295,115.092,87.375,101.861,99.470,138.229,127.700,167.170,121.740,175.995,101.948,59.202,39.863,77.139,204.150,197.176,190.533,227.483
2013-01-01,230.280,234.624,231.612,43.4,124.687,119.613,185.613,292.609,221.822,82.774,79.208,236.183,234.240,232.461,231.489,293.714,232.558,213.249,224.790,260.039,220.228,189.190,125.400,420.687,334.046,270.900,212.299,124.770,115.451,121.027,100.452,110.222,97.795,109.030,81.159,101.934,105.170,136.286,127.234,166.746,120.416,176.133,101.945,59.357,39.728,76.127,202.515,195.533,186.318,227.943
2012-12-01,229.601,233.473,231.033,43.6,125.656,118.525,185.204,291.815,220.818,82.496,78.975,235.230,232.901,232.262,231.735,288.516,231.572,213.099,224.032,259.298,218.496,187.642,125.202,418.654,332.684,270.122,211.853,122.304,112.448,114.011,103.696,113.103,106.233,112.928,83.851,101.795,106.134,135.305,128.628,163.629,120.221,171.656,101.654,59.447,40.079,75.797,201.255,194.993,184.854,226.643
2012-11-01,230.221,238.946,231.263,43.4,129.573,122.155,186.845,303.627,220.856,82.532,79.011,234.742,232.295,232.303,232.192,284.367,231.178,213.363,223.814,258.999,217.964,187.141,125.500,418.653,334.285,269.838,214.525,126.853,121.173,116.851,104.366,118.884,114.997,121.329,89.519,102.778,108.504,137.633,131.167,165.068,116.821,175.733,101.644,59.445,40.033,75.565,204.263,199.813,188.790,224.988
2012-10-01,231.317,250.523,231.276,43.2,131.359,122.046,189.338,326.887,220.830,82.577,79.058,234.718,232.456,232.917,233.240,284.065,231.058,213.135,223.708,258.829,218.287,187.657,125.300,418.359,335.768,269.674,220.232,127.018,120.303,117.489,103.401,121.072,116.550,131.212,91.047,102.240,113.443,137.345,132.857,170.145,120.482,181.099,101.569,59.492,39.421,75.578,207.731,207.877,189.420,225.467
2012-09-01,231.407,256.332,230.780,43.2,128.630,120.413,189.575,333.202,220.524,82.533,79.017,234.172,231.615,231.555,232.043,282.092,231.018,212.932,223.901,258.252,222.634,192.636,125.310,418.039,335.721,269.073,221.745,125.565,122.107,119.751,101.249,118.213,102.492,130.147,89.506,100.725,104.077,134.204,131.163,171.276,122.146,181.806,101.349,59.294,39.524,75.752,207.350,208.772,187.761,222.185
2012-08-01,230.379,250.306,230.196,43.4,123.568,119.152,187.952,320.214,218.286,82.605,79.090,234.017,231.708,232.475,233.508,280.672,230.674,213.041,223.699,257.843,222.769,192.759,125.610,417.123,336.004,268.637,219.110,124.525,116.678,119.164,99.329,110.414,82.501,114.746,83.506,99.872,94.545,133.134,126.046,168.745,120.217,179.190,101.249,59.138,39.806,75.912,209.673,209.299,192.493,222.422
2012-07-01,229.104,239.972,229.893,43.6,122.300,118.691,185.872,299.361,215.156,83.117,79.598,233.557,231.306,231.309,232.462,280.173,231.192,212.440,223.316,257.409,221.449,191.913,126.077,416.759,335.048,268.184,214.294,123.644,115.205,120.547,100.192,108.870,77.577,110.664,82.245,100.434,95.088,132.103,124.719,163.995,117.025,174.036,101.587,59.582,40.725,76.871,206.446,204.247,190.722,223.575
2012-06-01,229.478,244.167,229.879,43.6,125.241,118.829,186.967,307.427,213.600,83.555,80.033,233.509,231.515,230.464,231.938,283.679,231.444,212.178,223.051,256.950,221.789,192.649,126.054,415.345,333.348,267.708,216.369,123.622,116.302,119.895,100.826,114.026,78.753,122.143,87.034,101.926,99.195,133.486,127.876,166.335,117.890,176.983,102.082,60.005,41.020,77.281,205.617,205.767,189.153,220.921
2012-05-01,229.815,250.306,229.602,43.5,127.688,121.265,188.963,327.659,213.499,83.606,80.086,233.257,231.518,229.351,231.454,283.149,230.766,211.649,221.971,256.442,216.388,186.852,125.905,413.655,333.131,267.176,220.768,126.153,119.010,123.872,102.903,118.197,87.228,126.946,90.952,102.882,101.730,133.698,128.427,164.487,116.381,175.131,101.982,60.008,41.848,77.671,205.804,201.836,189.546,217.653
2012-04-01,230.085,255.736,229.303,43.5,128.485,121.179,190.089,339.793,213.130,83.515,79.995,233.116,231.711,230.967,231.732,281.648,230.092,211.865,221.682,256.031,216.006,186.517,126.114,412.480,333.060,266.747,223.083,125.312,117.563,121.923,105.177,119.517,96.851,131.786,90.600,103.208,104.335,132.845,127.508,167.079,117.988,178.022,101.889,59.953,41.792,77.444,207.452,201.296,189.677,220.681
2012-03-01,229.392,253.599,228.735,43.6,127.258,119.297,189.201,334.427,213.132,83.456,79.939,232.708,231.383,230.485,232.344,279.057,230.193,211.289,221.487,255.609,216.667,187.591,126.107,411.498,333.188,266.323,220.842,123.472,117.054,122.690,103.211,117.389,94.265,137.535,86.978,102.244,106.570,130.896,125.609,169.554,118.426,181.414,101.800,59.935,42.023,76.865,208.706,204.357,189.032,219.608
2012-02-01,227.663,242.663,227.865,43.9,123.312,116.400,186.279,310.685,213.039,83.446,79.928,232.453,231.180,228.610,230.595,281.072,230.704,210.330,221.117,254.931,217.189,188.393,126.180,410.466,331.867,265.628,214.429,121.613,114.095,119.946,97.147,111.650,93.266,115.541,83.496,100.533,102.066,130.775,121.805,168.605,116.563,181.090,101.728,59.919,42.379,76.621,207.227,195.138,189.127,216.647
2012-01-01,226.665,236.942,227.237,44.1,122.105,116.409,184.636,296.886,213.067,83.280,79.858,232.559,231.694,229.809,230.525,285.437,229.704,210.299,220.805,254.409,218.199,189.945,125.629,408.056,329.201,265.060,210.799,121.906,116.618,116.214,96.270,108.683,94.998,99.374,80.857,102.353,102.238,129.646,120.453,169.256,115.586,182.611,101.687,59.919,43.106,76.482,207.825,197.808,191.558,215.777
2011-12-01,225.672,232.300,226.740,44.3,123.470,115.997,183.345,287.363,212.745,82.990,79.599,231.130,229.982,228.853,229.980,283.550,227.335,210.257,220.193,253.716,217.674,189.711,125.170,405.629,327.254,264.341,208.585,120.884,113.764,111.249,97.771,111.875,103.085,110.535,82.259,102.812,105.860,130.094,122.166,165.037,114.934,176.775,101.397,59.931,43.187,75.987,208.192,199.586,191.979,214.514
2011-11-01,226.230,238.177,226.859,44.2,127.285,119.930,184.791,298.530,212.751,83.016,79.625,230.656,229.380,227.583,229.271,282.605,227.363,210.354,219.969,253.312,218.199,190.444,125.073,404.858,326.624,263.931,211.358,125.100,120.119,112.309,100.709,116.877,108.101,119.818,87.902,101.845,109.064,129.503,126.110,167.348,116.300,179.304,101.259,59.895,42.483,75.889,210.302,203.782,191.890,212.318
2011-10-01,226.421,240.902,226.743,44.2,127.590,119.506,185.236,300.916,212.680,83.049,79.659,230.885,230.196,227.853,229.294,284.269,227.606,209.232,220.138,253.101,220.450,193.058,125.223,403.430,325.962,263.717,212.127,124.687,120.936,111.729,100.257,117.762,108.827,125.179,88.696,100.984,106.379,128.812,128.052,170.929,117.557,183.414,101.257,59.895,42.057,76.223,212.224,208.948,192.897,213.774
2011-09-01,226.889,250.480,226.289,44.1,125.272,116.602,186.015,313.145,212.348,83.017,79.625,230.448,229.739,227.194,228.495,286.865,227.265,208.843,220.540,252.647,226.409,199.814,125.013,401.605,325.130,263.251,215.198,121.452,119.037,114.390,98.488,115.435,104.310,124.348,86.965,99.262,102.835,130.843,126.030,166.656,117.860,178.111,101.084,59.860,42.710,76.366,213.122,210.409,194.789,211.924
2011-08-01,226.545,251.706,225.874,44.1,121.547,114.399,185.566,315.330,210.266,83.077,79.687,229.490,228.354,225.651,227.739,282.579,227.126,208.199,220.506,252.546,226.493,200.144,125.138,400.874,324.395,263.152,216.057,120.192,119.010,114.641,93.260,110.172,96.049,119.265,81.455,98.932,96.148,130.219,120.693,169.645,117.725,181.803,101.006,59.889,42.903,76.518,210.019,207.019,191.420,210.543
2011-07-01,225.922,252.661,225.164,44.3,118.770,113.914,184.931,316.835,206.158,83.211,79.822,228.323,226.891,224.394,226.230,282.018,226.908,208.174,220.230,252.155,226.643,200.587,124.959,400.305,324.159,262.747,216.164,119.291,115.301,116.246,94.136,105.975,80.671,110.053,79.396,98.608,90.664,129.499,120.031,167.557,118.080,179.166,100.961,59.902,42.803,76.422,208.613,201.948,188.149,210.710
2011-06-01,225.722,254.170,224.891,44.3,120.578,114.279,185.266,321.578,204.821,83.367,79.980,227.451,225.588,223.105,224.470,280.721,227.154,208.307,219.553,251.422,225.022,199.122,125.048,399.552,324.102,261.977,216.880,119.228,112.350,116.487,95.887,109.570,81.176,119.294,83.455,98.158,93.132,129.126,123.398,165.125,116.423,176.553,101.204,60.340,42.879,76.292,207.581,201.709,187.356,210.196
2011-05-01,225.964,260.376,224.534,44.3,122.271,114.976,186.804,340.183,204.668,83.466,80.081,227.082,225.356,223.227,225.059,284.174,226.989,208.080,218.484,250.745,219.956,193.498,125.141,399.375,324.399,261.272,220.270,120.218,116.176,115.862,95.619,112.353,85.237,123.359,85.925,98.885,94.263,128.712,126.660,164.886,116.068,176.339,101.159,60.341,42.890,76.108,206.486,197.454,187.726,209.569
2011-04-01,224.906,253.495,224.118,44.5,122.226,113.487,185.311,329.419,204.316,83.655,80.281,226.248,224.233,220.747,222.414,286.501,226.053,208.485,217.901,250.447,217.254,190.622,124.893,398.813,324.241,260.963,216.867,118.620,114.738,114.430,94.514,112.764,89.454,119.427,87.122,97.477,97.446,127.927,124.930,165.581,116.668,177.058,101.191,60.353,43.318,76.580,201.314,192.845,183.008,207.944
2011-03-01,223.467,242.516,223.690,44.7,121.286,112.337,182.728,307.589,204.251,83.730,80.364,225.479,223.430,218.808,220.377,290.279,225.693,207.758,217.707,250.310,216.672,190.071,124.735,397.726,322.691,260.834,211.014,117.435,111.355,115.483,93.500,111.943,91.398,119.247,85.834,96.987,97.864,128.737,123.723,160.981,117.043,171.339,101.258,60.351,43.462,76.792,201.889,198.432,186.126,206.114
2011-02-01,221.309,226.860,223.011,45.2,118.369,110.962,178.874,276.485,204.153,83.779,80.417,224.039,221.241,216.175,216.323,286.766,225.749,207.685,217.259,249.886,215.587,189.006,124.576,397.065,321.186,260.373,203.037,115.400,108.106,112.876,94.302,107.170,89.405,104.708,82.258,95.059,94.824,128.409,121.515,160.046,115.980,170.429,101.316,60.437,44.023,76.436,197.383,192.465,184.514,206.188
2011-01-01,220.223,223.266,222.177,45.4,116.664,109.985,177.480,269.970,204.057,83.783,80.422,223.160,220.016,214.344,213.621,285.619,224.975,207.298,216.739,249.462,214.045,187.704,124.342,393.858,318.929,259.934,200.835,114.646,109.852,108.997,92.620,104.279,92.814,99.719,78.767,93.762,93.368,128.412,120.624,158.432,115.415,168.577,101.412,60.572,43.970,76.011,195.509,192.925,178.559,205.202
2010-12-01,219.179,217.953,221.795,45.6,118.071,109.711,176.015,259.903,203.343,83.913,80.730,221.278,216.955,212.019,210.276,277.089,224.215,207.196,216.142,248.972,212.505,186.338,123.931,391.946,317.199,259.418,198.280,114.499,113.731,105.013,91.932,107.530,98.933,106.405,80.974,94.905,96.881,126.710,122.015,154.308,113.415,163.966,101.739,61.339,43.791,76.396,192.548,188.865,176.732,204.707
2010-11-01,218.803,211.970,222.077,45.7,121.498,112.824,175.415,248.928,203.139,84.423,81.250,220.991,216.538,212.957,212.249,269.917,224.490,207.162,215.830,248.738,210.978,184.764,124.121,391.660,316.794,259.142,195.659,118.094,118.843,106.461,93.420,111.996,102.829,116.980,84.963,95.675,98.934,129.981,125.766,155.144,114.627,164.722,102.329,62.040,45.016,76.557,196.662,193.286,175.481,206.037
2010-10-01,218.711,210.947,222.079,45.7,122.454,114.090,175.225,243.784,203.071,84.531,81.359,221.005,216.698,212.170,212.908,270.200,224.705,206.471,216.100,248.646,213.031,187.271,124.524,391.240,316.082,259.054,194.283,119.489,122.263,106.775,94.237,113.345,103.745,122.200,85.737,96.243,98.013,129.846,127.378,153.989,114.012,163.443,102.458,62.219,45.242,76.494,200.419,201.038,180.405,207.976
2010-09-01,218.439,210.003,221.907,45.8,121.011,112.201,174.282,235.797,203.353,84.665,81.497,220.586,216.161,211.280,210.632,268.832,224.043,206.929,216.602,248.522,217.695,192.635,124.535,390.616,315.804,258.934,192.412,117.400,118.586,108.447,93.039,112.621,101.227,120.398,85.172,96.636,92.921,127.462,126.316,155.030,114.038,164.713,102.633,62.466,45.159,76.794,198.219,197.465,180.791,205.773
2010-08-01,218.312,212.663,221.551,45.8,116.667,110.229,173.925,238.702,201.476,84.699,81.532,219.877,215.382,208.854,209.097,265.914,223.536,207.042,216.976,248.595,219.602,194.865,125.005,388.467,314.881,259.015,193.454,115.515,116.448,106.856,90.820,105.724,87.085,109.691,80.067,94.333,88.197,125.679,124.209,154.628,115.772,163.837,102.534,62.490,45.125,77.073,195.284,193.566,179.591,203.690
2010-07-01,218.011,212.372,221.258,45.9,115.248,109.670,173.503,237.602,198.206,84.703,81.535,219.539,215.256,208.989,209.020,265.967,223.639,207.025,217.076,248.677,219.614,195.268,125.239,387.898,314.113,259.115,193.038,115.500,114.824,107.976,88.503,103.326,77.101,102.423,78.651,95.686,87.801,127.351,122.599,151.441,114.904,160.124,102.471,62.489,44.841,77.200,194.387,194.444,179.097,205.121
2010-06-01,217.965,211.660,221.265,45.9,118.319,112.446,173.899,238.032,197.284,84.657,81.487,219.562,215.361,208.171,208.075,271.907,222.680,206.481,216.778,248.470,217.820,193.678,125.589,388.199,314.888,258.910,192.651,118.402,117.196,110.490,90.813,107.728,78.466,106.959,83.654,96.997,90.415,127.895,125.296,152.215,114.465,161.169,102.303,62.423,46.004,77.467,191.327,190.083,175.946,203.999
2010-05-01,218.178,214.363,221.193,45.8,121.006,113.885,175.333,249.680,196.917,84.809,81.641,219.693,215.793,205.679,205.111,277.887,222.463,206.296,215.981,248.100,212.773,188.017,126.029,387.762,314.923,258.525,194.761,120.200,118.585,111.990,91.054,111.559,85.160,109.457,87.974,96.753,94.833,127.256,127.706,153.558,114.808,162.739,102.369,62.515,47.222,77.571,187.711,184.799,177.155,202.521
2010-04-01,218.009,212.977,221.166,45.9,122.143,113.692,175.333,248.165,196.798,84.947,81.784,219.536,215.737,205.178,202.565,279.272,222.299,206.599,215.798,248.031,211.726,187.054,125.997,387.703,314.535,258.457,193.994,120.059,116.084,112.747,90.702,113.583,91.686,115.673,88.750,97.091,97.442,127.555,127.989,152.677,115.393,161.530,102.394,62.544,47.722,77.570,182.351,181.365,170.031,203.256
2010-03-01,217.631,209.999,221.059,45.9,122.073,113.104,174.798,241.239,196.470,84.940,81.776,219.378,215.623,202.812,199.583,280.431,222.521,206.594,216.023,248.052,212.295,187.864,126.750,387.142,314.023,258.489,192.130,119.108,116.164,113.197,91.301,113.704,93.242,117.270,87.615,98.742,101.992,126.690,126.780,150.376,115.187,158.757,102.298,62.551,48.636,77.673,181.502,182.420,168.296,201.654
2010-02-01,216.741,204.455,220.602,46.1,118.869,111.351,173.419,231.735,196.137,84.905,81.743,219.140,215.118,202.343,198.120,274.963,222.496,206.137,215.841,248.001,210.819,186.345,126.945,385.907,312.864,258.435,189.577,116.703,111.841,110.061,91.706,107.846,87.275,107.569,83.078,95.238,101.460,127.311,124.663,147.384,116.433,154.816,102.288,62.551,49.348,77.498,181.214,176.698,175.602,202.083
2010-01-01,216.687,208.026,220.086,46.1,116.678,109.762,173.646,238.069,195.850,84.974,81.817,219.223,215.404,201.870,197.144,279.119,222.401,205.789,215.925,247.950,211.381,187.330,127.209,382.688,310.494,258.382,190.512,114.949,110.049,106.577,90.689,104.901,90.705,101.475,80.070,93.121,95.621,126.938,122.800,147.660,116.915,155.047,102.729,63.114,49.039,76.029,177.864,177.133,165.870,200.924
2009-12-01,215.949,202.301,220.025,46.3,119.357,110.633,172.572,228.186,195.672,84.809,81.728,218.049,213.359,201.003,196.202,273.189,222.082,205.823,215.523,247.863,208.760,184.886,127.119,379.516,308.221,258.303,188.318,115.301,113.718,104.203,93.228,109.851,100.512,112.306,83.985,93.355,100.550,127.787,125.675,146.340,114.260,154.017,102.707,63.629,48.930,75.642,173.178,169.673,164.203,202.158
2009-11-01,216.330,204.026,220.384,46.2,122.465,113.636,173.061,231.226,195.649,84.768,81.688,217.733,212.816,201.202,197.197,269.832,222.485,205.575,215.808,248.211,208.955,185.165,127.265,379.575,308.546,258.704,188.587,118.836,117.120,106.758,94.510,113.478,106.311,119.256,87.183,93.972,101.526,129.015,128.766,150.094,114.560,158.468,102.528,63.627,49.637,75.716,174.185,176.662,164.202,201.822
2009-10-01,216.177,199.198,220.731,46.3,123.998,114.818,172.252,221.749,195.849,85.055,81.978,217.957,213.605,200.597,197.797,269.467,222.232,205.406,216.612,249.474,207.937,184.146,127.740,378.552,308.379,260.035,185.362,119.998,119.462,109.408,95.723,115.577,106.689,124.925,89.417,94.095,105.167,128.032,128.361,151.541,115.088,160.105,102.891,64.424,49.503,76.082,177.729,183.732,163.818,201.699
2009-09-01,215.969,202.243,220.137,46.3,122.476,112.933,171.559,222.961,195.595,85.044,81.969,217.617,213.227,201.755,198.472,267.609,221.474,204.751,217.178,249.501,211.618,188.509,128.201,377.727,307.671,260.064,183.932,117.584,115.661,110.763,95.522,113.564,102.361,122.857,88.230,92.430,107.135,127.414,125.481,150.559,114.985,158.945,102.968,64.424,48.708,76.440,180.148,182.784,165.729,203.012
2009-08-01,215.834,204.971,219.596,46.3,117.130,110.835,171.081,227.204,193.161,84.913,81.835,217.701,213.722,202.911,199.225,267.309,220.946,204.352,217.827,250.248,212.661,189.735,128.304,376.537,305.797,260.858,184.386,115.491,112.075,110.974,93.462,104.854,83.423,115.875,80.915,89.527,99.408,126.848,120.649,149.270,115.151,157.367,102.674,64.409,49.742,76.616,181.506,186.793,168.347,205.026
2009-07-01,215.351,201.938,219.350,46.4,115.620,109.744,170.483,219.922,189.184,85.056,81.991,217.608,213.815,201.743,198.360,270.940,220.850,204.571,218.085,250.310,212.961,190.534,129.267,375.739,304.229,260.935,182.798,114.225,106.583,109.810,92.939,103.654,78.922,109.699,79.120,92.625,92.050,125.740,119.806,151.040,115.333,159.457,102.643,64.370,49.953,76.732,183.312,183.853,168.698,203.168
2009-06-01,215.693,205.408,219.283,46.4,118.799,112.849,171.593,226.881,188.179,84.975,81.909,218.030,214.824,204.031,200.674,272.608,220.477,204.503,218.071,250.243,212.677,190.647,129.623,375.093,304.683,260.869,183.735,117.515,111.211,112.341,95.389,109.042,85.200,118.444,84.092,94.199,93.934,125.861,121.037,148.556,116.867,156.183,102.182,64.370,50.294,76.797,183.137,182.422,169.742,206.965
2009-05-01,213.856,186.909,219.128,46.8,121.751,117.146,169.060,196.528,187.853,85.049,82.038,218.076,215.088,203.789,200.880,274.006,220.005,204.578,216.971,249.779,206.358,183.783,129.644,375.026,304.697,260.388,175.997,122.736,119.007,117.400,96.725,111.618,88.609,120.392,86.433,95.423,98.894,126.526,124.588,149.290,118.037,156.842,102.267,64.370,50.298,76.768,183.391,181.982,165.840,205.236
2009-04-01,213.240,179.704,219.143,46.9,123.208,117.195,167.816,181.102,187.416,84.985,82.090,218.364,215.783,205.699,202.118,274.297,219.671,204.896,217.126,249.855,207.175,184.903,129.654,374.170,303.979,260.469,171.987,122.917,117.220,118.336,96.360,114.817,94.779,119.347,90.083,95.488,97.672,125.918,125.667,150.323,118.273,158.037,102.072,64.385,50.691,77.466,181.975,176.971,169.605,206.958
2009-03-01,212.709,177.454,218.639,47.0,122.545,117.748,166.645,172.787,187.298,84.922,82.022,218.794,217.110,206.348,204.043,274.759,219.999,204.117,217.374,249.597,210.501,188.736,129.669,373.189,302.908,260.197,169.647,123.369,116.273,118.169,97.211,113.145,92.970,118.102,88.226,95.293,100.928,125.611,123.992,148.729,118.641,156.054,101.991,64.361,50.457,77.031,185.251,187.811,172.842,205.168
2009-02-01,212.193,178.741,217.685,47.1,118.825,115.202,165.891,172.428,187.256,84.945,82.052,219.333,218.389,207.963,205.821,278.721,219.682,203.391,217.180,248.878,213.520,192.168,129.170,372.405,302.184,259.440,169.542,120.163,114.795,114.156,96.769,107.475,87.189,116.956,82.191,93.255,97.347,124.637,120.366,147.919,119.653,154.889,101.895,64.361,50.630,76.858,185.326,184.727,172.324,204.528
2009-01-01,211.143,174.622,216.719,47.4,114.764,110.797,164.360,162.395,187.175,84.928,82.030,219.729,219.744,208.616,205.752,282.601,219.113,203.080,216.928,248.292,215.232,194.149,128.761,369.830,299.998,258.830,166.738,115.155,111.414,109.604,94.345,102.058,86.447,105.394,78.491,87.726,93.514,123.713,116.366,146.515,118.622,153.399,101.880,64.356,50.468,76.270,187.253,186.741,174.989,204.904
2008-12-01,210.228,171.158,216.100,47.6,117.078,110.767,163.582,155.745,186.916,84.737,81.886,218.839,218.683,208.890,206.864,281.706,217.975,202.774,216.073,247.085,215.184,194.335,128.535,367.133,298.361,257.567,164.628,114.775,116.071,104.650,95.395,106.734,95.894,110.886,82.653,88.612,98.956,125.664,118.767,143.607,117.491,150.122,101.688,64.361,50.180,75.899,187.918,185.401,178.470,205.222
2008-11-01,212.425,189.938,216.690,47.1,121.262,114.239,167.673,193.395,186.733,84.601,81.723,218.752,219.086,209.602,207.953,283.677,217.492,202.921,216.467,247.463,216.285,195.599,128.554,366.613,297.317,257.961,173.644,119.542,122.643,107.670,94.781,112.022,107.502,119.688,86.782,89.959,103.344,126.427,124.259,146.619,119.518,153.353,101.538,64.356,50.462,74.955,190.057,189.969,178.096,205.600
2008-10-01,216.573,231.561,217.023,46.2,122.243,115.067,175.257,272.921,186.669,84.535,81.652,218.705,219.660,210.706,209.748,285.484,216.972,203.107,217.383,247.844,221.199,201.176,128.789,365.746,295.791,258.368,192.709,121.227,124.525,111.023,92.941,113.242,110.069,123.745,88.850,87.422,104.690,124.194,125.611,149.656,119.352,157.031,101.407,64.270,50.674,74.226,191.957,194.328,179.264,204.440
2008-09-01,218.783,258.020,216.862,45.7,121.168,112.720,179.117,318.918,186.148,84.524,81.635,217.672,218.629,209.937,208.114,285.986,216.055,202.486,218.184,247.737,228.450,209.501,128.584,365.036,295.461,258.255,203.861,118.664,124.357,111.666,91.324,113.757,105.723,122.557,89.198,89.899,101.997,122.776,123.738,149.397,117.229,157.125,101.311,64.270,50.150,74.144,192.681,189.218,182.551,205.067
2008-08-01,219.086,266.283,216.476,45.6,116.376,110.180,179.148,328.240,183.184,84.701,81.815,216.419,217.259,207.488,205.781,283.296,215.094,201.623,219.148,247.985,235.650,217.455,128.013,364.477,295.003,258.547,206.739,116.601,118.972,112.832,87.384,105.917,90.243,108.625,82.928,87.856,95.752,122.126,119.788,150.692,117.405,158.646,101.301,64.270,50.447,74.269,189.910,185.925,178.974,203.545
2008-07-01,219.964,280.833,216.045,45.5,114.357,109.669,181.087,354.423,179.229,84.840,81.965,215.326,215.785,205.075,202.266,280.209,214.394,201.545,219.610,248.075,239.039,221.742,127.884,363.963,294.777,258.637,212.806,115.300,117.284,110.042,89.323,101.730,78.391,100.460,78.701,89.995,91.729,122.140,120.454,150.516,116.940,158.522,101.339,64.272,50.503,74.271,187.587,184.665,180.339,201.813
2008-06-01,218.815,275.621,215.553,45.7,117.019,112.011,180.534,351.886,178.385,84.394,81.513,213.383,213.171,202.914,199.730,277.957,213.912,201.537,217.941,247.083,231.412,213.762,127.625,363.616,295.194,257.585,211.787,117.507,120.386,112.004,92.016,106.423,79.322,105.944,83.675,91.938,93.996,123.274,122.139,147.266,115.337,154.925,100.677,64.272,50.574,73.546,184.512,179.421,179.062,199.823
2008-05-01,216.632,257.106,215.180,46.2,120.752,116.479,178.341,326.414,177.994,83.929,81.080,212.251,211.863,200.960,197.301,276.481,213.532,201.523,215.809,246.069,219.881,201.212,127.598,363.396,294.896,256.532,205.262,122.217,125.083,113.679,95.617,110.875,84.459,111.756,87.281,94.646,98.184,123.792,125.105,147.330,115.769,154.920,99.879,64.272,50.858,73.235,181.312,178.318,171.066,199.072
2008-04-01,214.823,240.194,215.059,46.5,122.113,116.653,175.838,298.757,177.754,83.670,80.921,211.365,210.851,200.770,196.450,272.746,213.503,201.028,214.890,246.004,213.302,194.121,127.332,363.184,296.951,256.463,198.608,122.086,124.577,114.343,96.725,113.464,87.757,120.317,89.586,94.509,100.254,122.908,126.028,146.650,116.504,153.963,99.494,64.272,50.924,72.996,180.557,181.260,166.326,197.452
2008-03-01,213.528,230.505,214.866,46.8,120.881,114.994,173.884,283.362,177.407,83.502,80.752,209.692,208.203,199.775,195.935,268.446,212.407,199.982,214.389,245.995,209.221,189.693,127.423,363.000,297.308,256.470,195.189,120.078,121.339,114.644,96.187,112.802,88.751,113.423,90.254,92.332,100.079,121.064,124.304,144.204,114.920,151.327,99.031,64.087,50.817,73.180,176.170,173.875,167.082,196.052
2008-02-01,211.693,219.311,213.866,47.2,117.839,112.917,171.530,263.508,177.460,83.391,80.638,209.462,208.329,199.688,195.643,272.129,212.044,198.716,213.026,244.786,205.795,185.994,126.753,362.155,296.130,255.199,190.520,117.808,117.305,111.504,94.764,108.413,92.086,108.885,85.402,89.457,96.183,120.671,120.779,142.608,114.634,149.465,98.837,64.087,51.207,73.330,177.572,173.400,165.484,195.804
2008-01-01,211.080,219.465,213.138,47.4,115.795,110.691,171.179,264.660,177.440,83.396,80.642,208.837,207.983,200.035,195.998,279.072,210.425,198.112,212.244,243.871,204.796,185.107,126.515,360.459,295.355,254.239,190.839,114.751,115.781,108.996,95.161,105.894,91.910,106.685,82.838,87.914,96.730,120.147,119.775,139.714,115.390,145.846,98.906,64.089,50.897,72.896,180.170,176.625,168.615,196.927
2007-12-01,210.036,217.506,212.356,47.6,118.257,112.026,170.511,261.976,176.927,83.282,80.546,206.936,205.208,198.755,195.558,272.482,208.704,197.643,210.933,242.372,203.006,183.516,126.066,357.661,293.610,252.669,189.984,116.489,121.449,108.284,95.216,110.570,96.725,115.453,87.306,88.867,103.475,120.906,120.615,134.325,113.726,139.691,98.792,64.011,50.722,73.176,178.818,175.954,167.482,193.998
2007-11-01,210.177,219.009,212.435,47.6,121.204,114.807,171.043,265.420,176.717,83.250,80.519,206.563,204.745,198.616,196.806,268.407,209.018,197.156,210.745,242.207,202.161,182.725,126.252,357.041,293.201,252.495,190.677,119.969,126.647,108.710,95.895,113.902,104.683,121.440,89.915,89.277,103.150,122.586,124.719,137.854,115.274,143.633,98.775,64.014,51.474,72.612,180.693,180.889,167.561,194.624
2007-10-01,208.936,207.588,212.318,47.9,121.846,114.953,168.664,241.642,176.339,83.659,80.946,206.124,204.333,198.474,196.639,263.648,209.126,196.763,210.701,242.405,200.836,181.509,126.233,355.653,292.161,252.713,184.952,119.988,125.663,109.614,96.398,115.763,107.634,124.662,91.899,88.885,101.098,121.105,125.709,139.247,116.314,145.107,99.031,64.359,51.499,72.790,183.180,182.936,170.090,195.604
2007-09-01,208.490,209.637,211.628,48.0,119.535,112.380,167.952,241.120,175.486,83.690,80.976,205.279,203.193,198.323,196.244,259.100,208.408,196.202,210.865,241.990,204.264,185.306,126.193,353.723,291.340,252.272,184.532,117.740,122.767,108.946,92.982,113.409,102.930,121.635,89.397,89.331,98.267,121.389,122.130,138.119,116.321,143.754,98.882,64.359,51.580,73.258,182.347,182.777,171.250,197.059
2007-08-01,207.917,209.294,211.111,48.1,114.439,109.032,166.955,239.885,172.873,83.655,80.944,204.289,202.126,197.204,196.098,252.845,208.264,195.521,211.098,242.238,204.334,185.453,126.520,352.961,291.164,252.530,184.480,115.575,119.434,108.919,86.362,105.004,88.864,107.226,81.748,88.393,94.045,119.077,120.705,138.279,117.218,143.776,98.813,64.364,50.993,73.105,183.747,181.990,173.138,195.397
2007-07-01,208.299,217.274,210.756,48.0,113.500,109.568,167.938,253.696,169.490,83.553,80.840,203.533,201.401,196.690,196.216,254.616,207.624,195.704,211.286,242.067,206.140,187.624,126.894,351.643,290.257,252.358,187.690,115.709,115.275,107.747,88.031,103.133,78.257,100.350,80.284,90.963,91.705,118.483,119.300,139.254,115.715,145.229,98.570,64.289,52.395,72.919,184.987,181.689,175.007,194.943
2007-06-01,208.352,221.088,210.474,48.0,117.225,110.869,168.921,260.739,168.601,83.594,80.880,202.885,200.950,197.175,197.656,258.337,207.383,195.835,210.649,240.980,206.199,188.040,127.361,349.510,288.508,251.200,189.064,116.742,117.298,105.398,90.054,110.200,83.964,105.652,87.905,93.121,95.442,119.112,121.224,139.550,115.851,145.559,98.485,64.388,53.228,73.080,185.563,179.754,174.638,194.449
2007-05-01,207.949,219.071,210.316,48.1,121.452,114.342,169.767,265.562,168.403,83.772,81.151,202.225,200.334,195.886,196.266,264.710,206.599,195.641,208.902,239.877,198.574,179.798,127.309,349.087,288.661,250.055,189.961,120.401,120.772,109.110,92.872,116.021,92.339,109.695,92.823,96.826,106.266,121.731,124.146,136.377,116.902,141.554,98.491,64.504,53.379,73.953,182.428,176.349,173.426,190.428
2007-04-01,206.686,207.265,210.311,48.4,122.934,115.190,167.777,243.957,168.152,83.203,80.683,201.292,199.020,193.665,194.097,261.967,206.166,195.058,208.541,239.735,196.393,177.515,127.423,348.225,288.349,249.877,185.231,121.162,120.009,111.156,93.940,118.524,91.504,113.955,95.511,97.687,109.839,120.667,125.691,134.240,116.918,138.986,97.617,64.575,53.159,73.908,176.780,169.135,168.387,188.833
2007-03-01,205.352,196.929,209.923,48.7,122.582,113.685,165.710,222.620,168.114,83.122,80.601,200.869,198.766,192.508,193.337,263.910,205.663,194.390,208.080,238.980,196.414,177.635,127.655,347.172,286.940,249.087,180.346,119.531,118.819,110.955,92.849,118.153,94.179,115.067,96.056,94.293,110.502,121.975,124.287,134.561,117.621,139.239,97.514,64.575,53.687,73.460,179.208,176.106,169.230,185.958
2007-02-01,203.499,184.451,209.112,49.1,119.017,111.233,162.890,198.617,167.927,82.845,80.311,200.402,198.193,190.491,190.291,268.565,204.385,193.987,207.177,237.972,194.890,176.092,127.495,346.457,287.703,248.024,174.799,117.708,116.857,110.536,88.682,112.703,88.452,110.179,90.496,92.595,101.342,121.483,121.420,137.724,119.160,142.744,97.096,64.575,53.956,73.302,176.128,170.358,166.031,183.213
2007-01-01,202.416,183.567,208.009,49.4,115.988,110.327,161.978,196.983,167.624,82.778,80.246,199.198,196.671,189.609,190.587,262.949,202.968,193.560,206.057,236.504,194.378,175.718,127.093,343.510,288.088,246.476,174.463,117.097,117.558,108.018,86.961,107.390,88.179,108.249,83.711,91.423,98.115,122.032,119.638,135.578,119.902,140.029,96.898,64.583,54.067,73.399,177.068,172.747,165.741,181.808
2006-12-01,201.8,185.2,207.3,49.6,118.6,113.2,162.1,202.4,167.6,83.1,80.6,197.4,194.3,188.6,189.4,257.2,201.1,193.3,204.8,235.1,192.6,174.2,127.0,340.1,285.9,245.0,175.4,119.4,120.2,106.8,91.4,111.6,101.7,112.4,87.6,91.0,102.8,123.4,121.7,129.1,115.7,133.0,96.8,64.6,54.2,77.2,176.4,173.6,166.2,182.5
2006-11-01,201.5,180.4,207.6,49.6,121.7,115.6,161.8,194.6,167.4,83.3,80.8,197.2,194.3,188.4,190.7,256.8,201.6,192.2,204.5,234.9,190.6,172.1,127.2,340.1,286.6,244.7,173.9,121.0,122.7,108.8,96.2,115.2,108.7,119.7,90.0,92.2,107.3,124.6,123.6,132.1,116.7,136.4,96.5,64.6,53.8,81.1,177.2,177.5,168.3,181.8
2006-10-01,201.8,181.3,207.8,49.5,123.3,116.4,162.5,196.9,167.1,84.0,81.5,197.5,195.1,188.1,190.5,261.6,201.9,192.0,204.4,234.8,190.1,171.5,127.4,339.3,288.1,244.7,174.8,122.2,122.7,111.3,95.4,118.1,107.9,123.7,94.0,91.6,107.7,123.6,125.5,132.8,118.5,136.9,96.8,64.6,54.0,87.0,180.6,183.1,164.9,182.9
2006-09-01,202.9,199.1,207.2,49.3,121.7,114.4,164.4,222.3,166.6,84.2,81.7,196.7,194.1,188.0,190.0,258.2,201.4,191.3,205.0,233.9,199.6,182.0,127.1,338.3,288.1,243.8,180.6,120.1,122.3,108.5,94.0,117.0,101.8,119.7,94.1,91.2,102.2,123.9,122.8,133.2,118.5,137.5,96.1,64.7,54.5,93.1,181.0,180.3,169.8,183.9
2006-08-01,203.9,214.7,206.7,49.0,116.1,110.8,166.6,255.0,163.9,84.3,81.8,196.0,193.1,187.1,189.0,249.2,201.2,190.1,205.1,234.2,199.0,181.5,127.1,337.7,287.6,244.1,188.5,117.0,119.9,106.9,89.1,108.0,89.2,108.1,84.3,91.6,94.0,122.6,118.8,135.4,118.4,140.1,95.9,64.6,54.5,94.7,180.0,178.7,171.9,183.8
2006-07-01,203.5,215.1,206.2,49.1,113.8,110.3,166.4,256.0,160.3,84.3,81.9,195.6,192.6,185.1,187.8,249.1,201.3,189.7,204.7,233.6,198.5,181.1,127.1,337.0,287.1,243.4,189.0,116.7,116.1,108.6,88.2,104.6,79.6,99.3,81.2,93.5,90.2,122.5,116.6,132.7,118.1,137.0,95.6,64.7,55.1,97.3,179.0,176.8,169.9,180.9
2006-06-01,202.9,211.3,205.9,49.3,118.9,113.0,166.3,249.0,159.5,84.3,81.8,195.1,192.2,186.0,187.9,248.0,201.6,189.9,203.7,232.2,197.6,180.4,127.3,336.0,286.3,242.0,187.3,118.7,119.3,109.8,92.7,112.9,82.3,111.4,88.6,98.5,96.9,124.5,121.7,131.7,116.7,136.0,95.4,64.4,55.1,97.4,177.1,173.7,166.4,182.4
2006-05-01,202.5,209.3,205.7,49.4,122.4,116.5,166.9,251.4,158.9,84.2,81.7,194.7,191.9,184.7,187.5,248.0,200.8,189.4,202.2,231.2,192.0,174.4,127.2,335.6,286.3,241.0,187.6,122.0,124.6,112.8,96.3,116.3,88.9,116.5,91.2,99.9,104.3,124.2,125.9,132.4,116.4,136.9,95.2,64.3,55.7,96.8,175.5,172.6,167.0,180.1
2006-04-01,201.5,201.4,205.5,49.6,123.4,118.0,165.5,236.6,158.6,84.5,82.1,194.2,191.5,185.5,188.4,246.6,200.1,189.1,201.7,230.7,190.8,173.2,126.9,334.7,285.3,240.4,184.1,123.8,126.2,113.3,97.0,118.1,92.5,115.6,93.4,100.1,107.3,123.9,127.3,128.6,116.7,132.3,95.4,64.3,56.0,96.6,175.5,171.4,165.7,180.5
2006-03-01,199.8,188.6,204.9,50.0,122.0,116.2,162.8,208.3,158.4,84.4,81.9,194.5,192.3,185.9,188.6,248.5,200.1,189.1,201.3,229.9,192.3,174.8,126.7,333.8,284.3,239.6,177.4,121.8,124.9,111.7,96.1,116.8,97.8,114.0,91.9,98.3,105.5,123.7,126.0,125.3,115.5,128.6,95.0,64.6,56.6,95.8,175.3,176.9,168.9,182.1
2006-02-01,198.7,186.4,203.6,50.3,116.6,112.7,161.4,201.1,158.4,84.5,82.0,194.4,192.6,185.4,188.2,253.4,199.5,188.6,200.5,228.3,194.6,177.5,126.8,332.1,283.1,237.8,175.8,117.8,118.2,108.7,94.0,107.1,93.5,99.9,83.1,93.0,101.9,122.1,122.9,126.4,114.1,130.1,95.2,64.6,57.3,94.5,175.2,174.6,168.2,181.4
2006-01-01,198.3,189.5,202.6,50.4,114.9,112.4,161.3,202.1,158.3,84.5,82.1,194.5,193.4,185.8,187.9,258.5,198.0,188.1,200.0,226.8,198.7,182.1,126.5,329.5,282.0,236.2,175.9,117.5,120.1,106.6,93.7,103.7,93.9,95.2,79.3,91.7,99.6,122.7,121.1,128.4,115.9,132.2,95.2,64.6,57.8,94.5,174.6,170.0,165.9,181.5
2005-12-01,196.8,180.0,202.1,50.8,117.5,114.1,160.0,190.7,157.6,84.3,82.2,193.2,191.7,185.7,187.8,252.3,196.4,187.6,198.3,225.6,191.6,174.7,126.4,328.4,280.8,235.0,172.7,119.8,125.3,106.4,93.8,109.7,102.4,104.2,85.6,91.8,104.4,120.7,119.7,123.2,113.7,126.4,95.2,64.6,58.5,94.5,175.2,172.9,166.8,183.8
2005-11-01,197.6,187.6,202.3,50.6,121.5,117.4,161.5,202.7,157.5,84.4,82.2,192.8,191.0,185.8,187.3,246.4,197.1,186.9,198.5,225.4,194.6,178.0,126.1,328.1,280.3,234.9,175.6,123.4,129.6,110.1,96.1,115.4,108.5,110.8,90.9,93.9,106.1,121.6,124.9,126.6,114.2,130.4,95.2,64.6,58.4,94.2,177.0,177.7,171.2,187.6
2005-10-01,199.2,204.3,202.3,50.2,122.7,117.2,165.1,238.6,157.4,84.2,82.0,192.5,190.8,184.6,186.6,245.7,196.8,186.4,198.4,225.7,192.8,176.2,125.9,326.2,278.9,235.1,184.0,122.9,129.2,109.7,96.9,116.7,111.8,116.1,91.9,92.7,106.8,123.1,128.2,128.5,116.2,132.2,94.6,64.8,58.3,94.9,177.7,181.8,169.5,186.5
2005-09-01,198.8,208.0,201.3,50.3,120.5,114.0,165.6,249.9,157.1,84.6,82.4,191.8,190.0,185.2,186.8,240.8,196.6,186.1,197.0,224.4,188.9,172.1,125.7,324.6,277.7,233.8,186.5,119.9,125.9,108.1,93.2,113.7,109.7,111.4,89.1,91.7,104.9,124.0,126.0,130.9,116.6,135.0,95.1,64.8,58.3,94.9,178.6,179.1,171.3,188.9
2005-08-01,196.4,186.6,201.0,50.9,115.8,112.4,161.1,213.6,153.9,84.0,81.8,191.3,189.5,184.4,187.0,236.6,195.9,186.1,196.9,225.6,181.8,164.4,125.8,323.9,276.8,235.0,177.7,118.4,125.3,107.7,90.8,105.7,98.3,95.5,81.3,93.3,101.6,122.2,119.1,131.1,115.7,135.4,94.1,64.7,58.5,95.1,178.1,180.1,171.2,186.9
2005-07-01,195.4,178.5,200.8,51.2,113.8,111.6,159.5,198.8,151.3,84.4,82.2,191.3,189.8,184.7,187.7,240.3,195.8,186.1,196.6,225.6,180.1,162.6,125.9,324.1,276.3,234.9,174.4,117.0,120.7,109.9,92.0,103.7,87.4,91.2,80.1,94.2,97.8,120.7,115.7,127.0,115.6,130.6,94.4,64.7,58.5,95.6,178.6,179.1,172.7,185.9
2005-06-01,194.5,171.4,200.6,51.4,118.3,115.3,158.9,187.0,150.5,84.6,82.4,190.9,189.4,185.2,189.2,238.4,195.9,185.5,195.5,224.5,177.4,159.9,126.0,322.9,275.6,233.8,171.8,120.1,123.4,112.1,97.8,110.7,91.9,104.2,85.7,97.5,101.1,122.4,118.5,125.8,116.2,129.0,94.6,65.2,58.4,95.4,178.8,177.5,171.5,184.9
2005-05-01,194.4,169.4,200.8,51.4,122.4,119.7,159.8,189.4,149.9,84.9,82.7,191.1,190.3,185.0,189.1,244.7,195.5,185.5,194.5,224.0,171.7,153.7,126.7,322.2,274.6,233.2,172.1,124.8,129.4,115.6,101.3,115.5,97.4,110.5,89.8,99.7,107.6,122.1,123.0,129.1,117.1,132.7,94.8,65.2,58.7,96.5,177.0,176.2,168.3,183.7
2005-04-01,194.6,170.9,200.9,51.4,123.7,120.4,160.3,195.2,149.5,85.4,83.2,190.7,189.8,184.7,188.3,240.1,195.9,184.9,194.4,224.4,169.6,151.5,126.3,321.5,273.5,233.7,173.2,125.1,131.2,115.7,102.8,117.9,98.0,111.1,92.8,100.5,110.1,121.3,125.4,126.6,114.5,130.2,95.3,65.2,59.1,96.6,178.9,175.8,168.4,184.1
2005-03-01,193.3,160.8,200.7,51.7,123.5,119.6,158.2,178.0,149.3,85.2,83.1,189.6,188.1,184.3,187.6,233.7,195.7,184.7,194.1,224.4,166.7,148.4,126.1,320.7,273.2,233.7,168.8,124.0,126.7,117.0,103.2,118.0,103.8,106.5,92.5,101.6,112.9,119.5,124.1,127.3,114.7,131.0,95.0,65.2,59.6,96.7,177.0,170.0,170.2,185.0
2005-02-01,191.8,155.2,199.5,52.1,118.7,116.3,156.5,166.6,149.2,85.4,83.3,189.3,188.0,183.9,187.2,234.8,195.2,184.4,192.7,222.5,166.4,148.1,126.1,319.3,272.8,231.7,166.1,121.3,123.8,115.9,98.1,109.9,100.9,92.2,86.1,96.5,105.9,120.3,119.5,127.2,113.9,131.1,95.1,65.4,60.3,96.9,178.3,170.6,170.5,182.0
2005-01-01,190.7,151.9,198.4,52.4,116.1,115.0,155.4,158.7,148.8,85.4,83.2,189.5,188.9,183.4,185.9,242.9,194.3,183.5,191.8,221.0,166.9,149.0,126.1,316.8,271.6,230.1,164.0,119.8,124.6,112.5,97.4,105.2,98.8,90.1,82.0,91.9,104.6,118.2,118.1,127.6,114.2,131.5,94.8,65.3,60.7,97.2,177.6,170.2,170.2,183.8
