Date,Bacon,Bananas,Bread,Chicken,Coffee,ChoclateChipCookies,Eggs,Flour,Milk,Oranges,Rice,Tomato,Electricity,Fuel,Gasoline,Gasoline_Unleaded
2005-01-01,3.367,0.485,0.997,1.026,3.049,2.677,1.211,0.325,3.304,0.838,0.597,1.660,0.094,1.859,1.866,1.823
2005-02-01,3.395,0.502,0.982,1.038,2.940,2.744,1.284,0.326,3.176,0.802,0.575,1.428,0.094,1.962,1.960,1.918
2005-03-01,3.355,0.507,1.002,1.061,3.009,2.759,1.132,0.326,3.226,0.783,0.570,1.548,0.094,2.078,2.107,2.065
2005-04-01,3.331,0.503,1.004,1.070,3.240,2.662,1.164,0.322,3.225,0.816,0.584,1.710,0.095,2.120,2.325,2.283
2005-05-01,3.560,0.497,1.086,1.052,3.329,2.537,1.185,0.329,3.207,0.899,0.552,1.911,0.097,2.036,2.257,2.216
2005-06-01,3.457,0.493,1.090,1.075,3.416,2.699,1.139,0.337,3.122,1.012,0.547,1.655,0.104,2.059,2.218,2.176
2005-07-01,3.478,0.494,1.067,1.067,3.334,2.632,1.165,0.340,3.090,,0.553,1.607,0.105,2.173,2.357,2.316
2005-08-01,3.442,0.487,1.060,1.042,3.482,2.558,1.166,0.341,3.136,,0.532,1.416,0.105,2.276,2.548,2.506
2005-09-01,3.404,0.485,1.052,1.056,3.376,2.621,1.279,0.329,3.133,1.363,0.544,1.429,0.106,2.593,2.969,2.927
2005-10-01,3.327,0.491,1.043,1.062,3.447,2.652,1.264,0.311,3.171,1.388,0.541,1.547,0.102,2.626,2.830,2.785
2005-11-01,3.262,0.480,1.055,1.059,3.293,2.670,1.279,0.298,3.211,1.172,0.530,1.574,0.102,2.458,2.387,2.343
2005-12-01,3.327,0.482,1.046,1.061,3.235,2.832,1.350,0.303,3.241,0.885,0.524,1.848,0.102,2.407,2.230,2.186
2006-01-01,3.364,0.490,1.046,1.062,3.232,2.764,1.449,0.328,3.197,0.837,0.532,2.162,0.108,2.418,2.359,2.315
2006-02-01,3.385,0.508,1.029,1.045,3.174,2.739,1.328,0.326,3.224,0.915,0.534,1.910,0.108,2.423,2.354,2.310
2006-03-01,3.396,0.508,1.040,1.047,3.301,2.693,1.302,0.326,3.161,0.888,0.534,1.649,0.109,2.429,2.444,2.401
2006-04-01,3.343,0.508,1.072,1.054,3.292,2.608,1.283,0.320,3.123,0.876,0.538,1.573,0.109,2.526,2.801,2.757
2006-05-01,3.309,0.514,1.086,1.034,3.349,2.797,1.206,0.331,3.066,0.990,0.549,1.543,0.110,2.572,2.993,2.947
2006-06-01,3.399,0.511,1.074,1.055,3.158,3.021,1.242,0.336,3.001,1.119,0.549,1.457,0.118,2.566,2.963,2.917
2006-07-01,3.508,0.508,1.071,1.040,3.154,3.074,1.213,0.339,3.083,1.270,0.561,1.479,0.118,2.597,3.046,2.999
2006-08-01,3.559,0.492,1.088,1.048,3.196,3.091,1.244,0.341,3.019,,0.565,1.488,0.118,2.649,3.033,2.985
2006-09-01,3.552,0.479,1.083,1.063,3.173,3.041,1.254,0.341,3.049,1.483,0.550,1.908,0.118,2.531,2.637,2.589
2006-10-01,3.610,0.489,1.097,1.038,3.138,3.012,1.257,0.321,3.064,1.423,0.568,2.188,0.112,2.396,2.319,2.272
2006-11-01,3.444,0.498,1.143,1.049,3.158,2.851,1.354,0.317,2.985,1.200,0.555,1.784,0.110,2.375,2.287,2.241
2006-12-01,3.458,0.499,1.137,1.057,3.113,2.913,1.543,0.318,3.004,0.958,0.555,1.639,0.110,2.460,2.380,2.334
2007-01-01,3.510,0.505,1.153,1.033,3.288,2.868,1.549,0.346,3.067,1.092,0.563,1.621,0.113,2.368,2.321,2.274
2007-02-01,3.566,0.507,1.168,1.039,3.456,2.645,1.746,0.356,3.083,1.375,0.554,1.644,0.113,2.425,2.333,2.285
2007-03-01,3.464,0.510,1.161,1.064,3.475,2.678,1.634,0.357,3.072,1.301,0.548,1.555,0.113,2.505,2.639,2.592
2007-04-01,3.496,0.517,1.201,1.115,3.437,2.681,1.616,0.354,3.135,1.243,0.556,1.630,0.113,2.555,2.909,2.860
2007-05-01,3.651,0.503,1.192,1.118,3.308,2.685,1.504,0.351,3.259,1.268,0.544,1.685,0.115,2.567,3.176,3.130
2007-06-01,3.657,0.512,1.193,1.134,3.407,2.670,1.373,0.350,3.427,1.321,0.529,1.510,0.122,2.561,3.100,3.052
2007-07-01,3.723,0.509,1.209,1.130,3.529,2.748,1.502,0.353,3.736,,0.547,1.486,0.122,2.621,3.013,2.961
2007-08-01,3.798,0.506,1.210,1.145,3.497,2.650,1.634,0.355,3.807,1.500,0.551,1.485,0.121,2.634,2.833,2.782
2007-09-01,3.784,0.505,1.212,1.142,,2.671,1.825,0.360,3.841,1.503,0.546,1.496,0.121,2.706,2.839,2.789
2007-10-01,3.883,0.508,1.274,1.135,,2.696,1.771,0.355,3.838,1.542,0.555,1.649,0.117,2.808,2.843,2.793
2007-11-01,3.656,0.515,1.235,1.161,3.607,2.748,1.862,0.388,3.904,1.079,0.544,1.851,0.115,3.169,3.118,3.069
2007-12-01,3.688,0.525,1.280,1.166,3.685,2.719,2.099,0.398,3.870,0.905,0.551,2.147,0.115,3.247,3.069,3.020
2008-01-01,3.652,0.521,1.281,1.163,,2.642,2.175,0.421,3.871,0.905,0.568,2.032,0.116,3.337,3.096,3.047
2008-02-01,3.620,0.540,1.321,1.159,,2.682,2.168,0.455,3.869,0.887,0.583,1.735,0.116,3.338,3.083,3.033
2008-03-01,3.623,0.597,1.350,1.168,,2.734,2.203,0.489,3.781,0.898,0.584,1.835,0.116,3.699,3.307,3.258
2008-04-01,3.554,0.627,1.373,1.176,,2.780,2.069,0.518,3.799,0.931,0.608,1.773,0.118,3.875,3.491,3.441
2008-05-01,3.637,0.630,1.370,1.194,,2.870,1.930,0.534,3.760,1.008,0.704,1.675,0.120,4.185,3.813,3.764
2008-06-01,3.655,0.633,1.373,1.181,,2.875,1.920,0.529,3.773,1.136,0.753,1.814,0.128,4.589,4.115,4.065
2008-07-01,3.605,0.627,1.384,1.191,,2.993,2.011,0.544,3.961,1.291,0.795,1.713,0.131,4.649,4.142,4.090
2008-08-01,3.842,0.634,1.381,1.223,,2.902,1.854,0.539,3.886,1.452,0.854,1.694,0.132,4.217,3.838,3.786
2008-09-01,3.725,0.631,1.379,1.214,,2.950,1.978,0.532,3.773,1.471,0.853,1.591,0.130,3.952,3.749,3.698
2008-10-01,3.745,0.629,1.393,1.205,,3.026,1.858,0.521,3.656,1.428,0.856,1.611,0.126,3.544,3.225,3.173
2008-11-01,3.597,0.626,1.377,1.304,,3.112,1.838,0.494,3.734,1.055,0.820,1.722,0.123,3.003,2.208,2.151
2008-12-01,3.670,0.617,1.415,1.305,,3.048,1.834,0.504,3.681,0.934,0.813,1.734,0.124,2.637,1.742,1.689
2009-01-01,3.730,0.629,1.381,1.292,,3.114,1.850,0.517,3.575,0.896,0.797,1.661,0.126,2.509,1.838,1.787
2009-02-01,3.620,0.641,1.404,1.290,,3.035,1.795,0.509,3.319,0.912,0.783,1.556,0.126,2.451,1.979,1.928
2009-03-01,3.590,0.634,1.410,1.301,,3.056,1.693,0.503,3.116,0.889,0.774,1.511,0.126,2.319,2.000,1.949
2009-04-01,3.581,0.629,1.395,1.296,,3.135,1.774,0.485,3.084,0.910,0.757,1.591,0.125,2.354,2.107,2.056
2009-05-01,3.663,0.622,1.413,1.304,,3.221,1.501,0.515,3.068,0.963,0.773,1.584,0.126,2.344,2.314,2.265
2009-06-01,3.621,0.617,1.385,1.282,,3.248,1.529,0.516,3.009,1.060,0.766,1.604,0.132,2.449,2.681,2.631
2009-07-01,3.640,0.616,1.391,1.261,,3.120,1.495,0.519,2.992,1.191,0.756,1.618,0.131,2.452,2.594,2.543
2009-08-01,3.588,0.611,1.375,1.287,,3.235,1.632,0.517,2.979,1.222,0.752,1.528,0.130,2.559,2.677,2.627
2009-09-01,3.592,0.605,1.340,1.258,,3.092,1.627,0.510,2.981,1.255,0.760,1.538,0.130,2.553,2.626,2.574
2009-10-01,3.603,0.598,1.392,1.244,,3.253,1.595,0.500,3.046,1.262,0.751,1.595,0.126,2.603,2.613,2.561
2009-11-01,3.498,0.561,1.373,1.256,,3.167,1.705,0.458,3.034,1.113,0.768,1.726,0.124,2.790,2.709,2.660
2009-12-01,3.570,0.571,1.390,1.267,3.669,3.407,1.772,0.464,3.105,0.932,0.751,1.961,0.124,2.788,2.671,2.621
2010-01-01,3.630,0.586,1.360,1.265,3.811,3.280,1.789,0.491,3.236,0.899,0.754,1.837,0.124,2.967,2.779,2.731
2010-02-01,3.642,0.587,1.361,1.265,3.736,3.266,1.872,0.496,3.203,0.870,0.759,1.765,0.123,2.890,2.709,2.659
2010-03-01,3.669,0.575,1.368,1.231,3.565,3.134,1.822,0.479,3.188,0.858,0.764,2.007,0.125,2.908,2.829,2.780
2010-04-01,3.643,0.580,1.363,1.230,3.641,3.138,1.779,0.473,3.140,0.871,0.759,2.132,0.126,2.981,2.906,2.858
2010-05-01,3.862,0.571,1.359,1.259,3.664,3.271,1.523,0.485,3.178,0.952,0.746,1.918,0.127,2.913,2.915,2.869
2010-06-01,4.046,0.577,1.383,1.239,3.697,3.295,1.494,0.484,3.297,1.096,0.739,1.586,0.132,2.828,2.783,2.736
2010-07-01,4.213,0.583,1.360,1.280,3.857,3.173,1.441,0.484,3.313,1.149,0.749,1.544,0.133,2.800,2.783,2.736
2010-08-01,4.353,0.576,1.372,1.254,3.935,3.230,1.519,0.489,3.303,1.242,0.743,1.405,0.133,2.814,2.795,2.745
2010-09-01,4.574,0.573,1.386,1.276,4.174,3.217,1.753,0.483,3.278,1.302,0.723,1.503,0.132,2.830,2.754,2.704
2010-10-01,4.773,0.580,1.407,1.302,4.175,3.231,1.456,0.472,3.321,1.281,0.714,1.502,0.127,2.936,2.843,2.795
2010-11-01,4.697,0.581,1.375,1.277,4.467,3.347,1.675,0.446,3.327,1.200,0.710,1.519,0.125,3.044,2.899,2.852
2010-12-01,4.160,0.587,1.386,1.280,4.146,3.442,1.793,0.441,3.318,1.021,0.728,1.591,0.125,3.193,3.031,2.985
2011-01-01,4.250,0.596,1.401,1.241,4.417,3.298,1.806,0.477,3.301,1.052,0.742,1.590,0.125,3.415,3.139,3.091
2011-02-01,4.366,0.625,1.398,1.266,4.218,3.123,1.708,0.494,3.357,0.989,0.747,1.832,0.125,3.607,3.215,3.167
2011-03-01,4.537,0.621,1.415,1.269,4.642,3.219,1.732,0.508,3.503,0.957,0.745,2.086,0.127,3.827,3.594,3.546
2011-04-01,4.662,0.621,1.420,1.261,5.101,3.288,1.727,0.500,3.597,0.926,0.734,2.270,0.127,3.975,3.863,3.816
2011-05-01,4.770,0.617,1.472,1.302,5.129,3.219,1.692,0.521,3.653,0.916,0.767,1.794,0.129,3.914,3.982,3.933
2011-06-01,4.840,0.614,1.490,1.305,5.234,3.317,1.683,0.528,3.622,1.014,0.755,1.559,0.134,3.824,3.753,3.702
2011-07-01,4.755,0.611,1.513,1.306,5.547,3.346,1.647,0.533,3.654,1.078,0.716,1.442,0.135,3.689,3.703,3.654
2011-08-01,4.770,0.606,1.474,1.296,5.766,3.150,1.711,0.537,3.713,1.268,0.715,1.420,0.135,3.671,3.680,3.630
2011-09-01,4.819,0.607,1.477,1.294,5.651,3.349,1.947,0.550,3.715,1.438,0.719,1.503,0.135,3.654,3.664,3.612
2011-10-01,4.586,0.607,1.457,1.312,5.511,3.569,1.871,0.542,3.622,1.386,0.767,1.465,0.130,3.642,3.521,3.468
2011-11-01,4.637,0.598,1.399,1.304,5.636,3.620,1.836,0.517,3.557,1.142,0.752,1.516,0.128,3.682,3.475,3.423
2011-12-01,4.550,0.599,1.420,1.340,5.437,3.682,1.874,0.510,3.565,0.983,0.729,1.531,0.127,3.646,3.329,3.278
2012-01-01,4.571,0.604,1.423,1.334,5.497,3.640,1.939,0.528,3.583,0.929,0.739,1.542,0.128,3.697,3.447,3.399
2012-02-01,4.655,0.603,1.442,1.356,5.382,3.778,1.798,0.528,3.520,0.852,0.718,1.433,0.128,3.804,3.622,3.572
2012-03-01,4.600,0.607,1.395,1.372,5.558,3.483,1.774,0.519,3.499,0.850,0.700,1.452,0.127,3.909,3.918,3.868
2012-04-01,4.533,0.603,1.426,1.401,5.513,3.841,1.829,0.515,3.474,0.910,0.696,1.388,0.127,3.858,3.976,3.927
2012-05-01,4.385,0.599,1.412,1.347,5.596,3.689,1.691,0.513,3.427,0.968,0.677,1.336,0.129,3.749,3.839,3.792
2012-06-01,4.326,0.605,1.403,1.390,5.582,3.729,1.670,0.519,3.396,1.032,0.681,1.492,0.135,3.513,3.602,3.552
2012-07-01,4.365,0.604,1.427,1.454,5.723,3.640,1.648,0.516,3.428,1.127,0.681,1.506,0.133,3.492,3.502,3.451
2012-08-01,4.609,0.595,1.407,1.433,5.693,3.374,1.884,0.531,3.474,1.283,0.683,1.440,0.133,3.660,3.759,3.707
2012-09-01,4.692,0.597,1.401,1.455,5.693,3.346,1.889,0.528,3.469,1.296,0.684,1.384,0.133,3.817,3.908,3.856
2012-10-01,4.661,0.602,1.422,1.530,5.888,3.595,1.960,0.509,3.524,1.254,0.685,1.443,0.128,3.847,3.839,3.786
2012-11-01,4.640,0.600,1.418,1.512,6.066,3.755,1.963,0.497,3.536,1.102,0.704,1.469,0.127,3.847,3.542,3.488
2012-12-01,4.639,0.606,1.436,1.482,5.921,3.617,2.007,0.500,3.580,1.035,0.714,1.594,0.127,3.844,3.386,3.331
2013-01-01,4.722,0.609,1.422,1.497,5.902,3.728,1.933,0.524,3.526,0.991,0.715,1.545,0.129,3.841,3.407,3.351
2013-02-01,4.831,0.611,1.411,1.456,5.742,3.625,1.965,0.524,3.480,0.998,0.708,1.497,0.129,3.965,3.748,3.693
2013-03-01,4.909,0.609,1.412,1.471,6.014,3.774,1.925,0.499,3.431,0.988,0.714,1.493,0.128,3.879,3.792,3.735
2013-04-01,4.887,0.597,1.409,1.473,5.674,3.729,1.918,0.522,3.428,0.981,0.724,1.460,0.128,3.701,3.647,3.590
2013-05-01,5.092,0.603,1.401,1.466,5.678,3.428,1.870,0.530,3.441,1.048,0.702,1.454,0.131,3.599,3.682,3.623
2013-06-01,5.334,0.603,1.439,1.509,5.588,3.721,1.859,0.533,3.458,1.147,0.723,1.470,0.137,3.569,3.693,3.633
2013-07-01,5.494,0.602,1.434,1.484,5.394,3.630,1.833,0.530,3.449,1.287,0.721,1.430,0.137,3.604,3.687,3.628
2013-08-01,5.618,0.595,1.408,1.489,5.214,3.451,1.838,0.529,3.448,1.377,0.737,1.509,0.137,3.651,3.658,3.600
2013-09-01,5.680,0.601,1.419,1.528,5.091,3.599,1.897,0.522,3.428,1.334,0.741,1.566,0.137,3.694,3.616,3.556
2013-10-01,5.708,0.586,1.358,1.543,5.149,3.690,1.925,0.516,3.462,1.328,0.734,,0.132,3.684,3.434,3.375
2013-11-01,5.615,0.587,1.382,1.518,5.040,3.781,1.925,0.517,3.491,1.201,0.729,1.700,0.130,3.683,3.310,3.251
2013-12-01,5.544,0.592,1.385,1.520,4.948,3.492,2.026,0.513,3.501,1.129,0.735,1.727,0.131,3.772,3.333,3.277
2014-01-01,5.563,0.595,1.365,1.529,5.025,3.279,2.008,0.543,3.552,1.118,0.731,1.702,0.134,3.904,3.378,3.320
2014-02-01,5.461,0.599,1.388,1.504,5.002,3.329,1.998,0.555,3.561,1.146,0.732,1.672,0.134,4.072,3.422,3.364
2014-03-01,5.552,0.597,1.359,1.544,5.005,3.424,2.061,0.551,3.669,1.212,0.733,1.632,0.135,3.952,3.590,3.532
2014-04-01,5.690,0.597,1.388,1.530,5.204,3.579,2.119,0.547,3.687,1.261,0.750,1.622,0.131,3.830,3.717,3.659
2014-05-01,6.048,0.603,1.401,1.556,5.153,3.391,1.996,0.532,3.735,1.342,0.739,1.629,0.136,3.815,3.745,3.691
2014-06-01,6.106,0.607,1.400,1.503,4.670,3.324,1.948,0.532,3.626,1.299,0.742,1.675,0.143,3.779,3.750,3.695
2014-07-01,6.009,0.606,1.413,1.495,5.099,3.456,1.950,0.527,3.645,1.390,0.758,1.633,0.143,3.753,3.690,3.633
2014-08-01,6.068,0.608,1.396,1.572,5.167,3.375,1.979,0.531,3.673,1.467,0.737,1.544,0.143,3.705,3.540,3.481
2014-09-01,5.953,0.606,1.405,1.543,5.215,3.333,1.970,0.513,3.732,1.486,0.746,1.546,0.141,3.642,3.463,3.403
2014-10-01,5.759,0.582,1.414,1.549,5.032,3.295,1.951,0.501,3.766,1.508,0.723,1.695,0.136,3.515,3.241,3.182
2014-11-01,5.574,0.592,1.420,1.533,4.713,3.641,2.032,0.515,3.858,1.352,0.717,1.948,0.134,3.384,2.945,2.887
2014-12-01,5.531,0.585,1.466,1.541,4.590,3.498,2.210,0.511,3.820,1.246,0.700,2.189,0.135,3.138,2.618,2.560
2015-01-01,5.589,0.583,1.479,1.546,4.738,3.428,2.113,0.545,3.758,1.195,0.692,2.089,0.138,2.811,2.170,2.110
2015-02-01,5.472,0.591,1.435,1.550,4.910,3.477,2.088,0.525,3.496,1.185,0.689,1.849,0.138,2.864,2.308,2.249
2015-03-01,5.367,0.593,1.440,1.545,4.827,3.486,2.133,0.518,3.463,1.201,0.670,1.819,0.136,3.019,2.544,2.483
2015-04-01,5.211,0.597,1.454,1.539,4.990,3.335,2.065,0.509,3.397,1.165,0.670,1.847,0.137,2.755,2.545,2.485
2015-05-01,4.940,0.582,1.463,1.483,4.715,3.212,1.962,0.520,3.387,1.208,0.676,1.740,0.137,2.788,2.832,2.775
2015-06-01,5.059,0.574,1.467,1.515,4.686,3.286,2.570,0.519,3.366,1.274,0.691,1.708,0.143,2.743,2.889,2.832
2015-07-01,5.184,0.581,1.447,1.487,4.790,3.305,2.570,0.515,3.430,1.380,0.673,1.777,0.142,2.651,2.893,2.832
2015-08-01,5.410,0.580,1.420,1.428,4.808,3.233,2.943,0.524,3.389,1.493,0.669,1.737,0.142,2.437,2.745,2.679
2015-09-01,5.734,0.580,1.432,1.415,4.669,3.366,2.966,0.517,3.392,1.480,0.662,1.775,0.141,2.376,2.463,2.394
2015-10-01,5.899,0.577,1.418,1.430,4.609,3.391,2.808,0.511,3.338,1.514,0.690,1.844,0.136,2.350,2.357,2.289
2015-11-01,5.847,0.575,1.409,1.484,4.412,3.413,2.664,0.496,3.299,1.329,0.732,1.977,0.134,2.302,2.249,2.185
2015-12-01,5.734,0.580,1.428,1.437,4.486,3.316,2.751,0.501,3.310,1.229,0.711,1.932,0.133,2.114,2.125,2.060
2016-01-01,5.656,0.581,1.425,1.429,4.498,3.330,2.328,0.522,3.313,1.196,0.709,2.528,0.134,1.970,2.034,1.967
2016-02-01,5.394,0.573,1.407,1.478,4.447,3.289,2.267,0.522,3.230,1.194,0.707,2.316,0.134,1.923,1.833,1.767
2016-03-01,5.494,0.586,1.416,1.463,4.405,3.400,2.081,0.512,3.187,1.188,0.711,1.941,0.134,1.947,2.021,1.958
2016-04-01,5.613,0.574,1.406,1.496,4.428,3.420,1.793,0.521,3.155,1.176,0.703,1.862,0.134,1.989,2.196,2.134
2016-05-01,5.552,0.570,1.382,1.489,4.443,3.423,1.684,0.525,3.157,1.148,0.747,1.695,0.133,2.097,2.324,2.264
2016-06-01,5.374,0.569,1.333,1.408,4.481,3.320,1.491,0.529,3.115,1.186,0.734,1.709,0.138,2.155,2.422,2.363
2016-07-01,5.454,0.567,1.349,1.445,4.428,3.217,1.546,0.543,3.062,1.268,0.740,1.635,0.139,2.130,2.287,2.225
2016-08-01,5.448,0.562,1.341,1.426,4.316,3.219,1.455,0.546,3.141,1.365,0.729,1.685,0.139,2.073,2.218,2.155
2016-09-01,5.481,0.575,1.329,1.487,4.372,3.300,1.471,0.547,3.229,1.410,0.721,1.786,0.139,2.122,2.269,2.208
2016-10-01,5.375,0.570,1.343,1.502,4.309,3.470,1.390,0.523,3.292,1.412,0.697,1.994,0.134,2.288,2.304,2.243
2016-11-01,5.106,0.573,1.362,1.478,4.306,3.366,1.321,0.507,3.280,1.239,0.703,1.984,0.131,2.256,2.246,2.187
2016-12-01,5.102,0.576,1.362,1.463,4.281,3.409,1.383,0.503,3.290,1.169,0.693,1.972,0.133,2.394,2.289,2.230
2017-01-01,5.180,0.573,1.351,1.418,4.468,3.397,1.599,0.530,3.318,1.186,0.700,2.048,0.134,2.482,2.409,2.351
2017-02-01,5.334,0.573,1.358,1.473,4.583,3.390,1.464,0.526,3.300,1.191,0.695,1.930,0.135,2.474,2.360,2.299
2017-03-01,5.745,0.571,1.329,1.462,4.650,3.346,1.404,0.531,3.315,1.180,0.692,1.943,0.134,2.449,2.386,2.323
2017-04-01,5.775,0.571,1.328,1.444,4.622,3.404,1.409,0.516,3.259,1.174,0.686,1.902,0.135,2.438,2.479,2.418
2017-05-01,5.699,0.564,1.327,1.499,4.597,3.506,1.414,0.517,3.242,1.226,0.726,1.867,0.137,2.378,2.448,2.386
2017-06-01,5.665,0.572,1.335,1.497,4.545,3.575,1.332,0.507,3.213,1.346,0.752,1.873,0.142,2.284,2.400,2.337
2017-07-01,5.819,0.565,1.327,1.496,4.335,3.467,1.333,0.512,3.219,1.462,0.764,1.952,0.143,2.215,2.344,2.281
2017-08-01,6.241,0.561,1.348,1.489,4.373,3.568,1.367,0.512,3.168,1.453,0.753,1.846,0.142,2.292,2.436,2.374
2017-09-01,6.366,0.544,1.349,1.480,4.323,3.494,1.422,0.505,3.209,1.480,0.741,1.828,0.142,2.481,2.688,2.630
2017-10-01,6.066,0.548,1.328,1.484,4.327,3.511,1.540,0.500,3.158,1.590,0.723,1.813,0.137,2.520,2.545,2.484
2017-11-01,5.708,0.551,1.295,1.451,4.324,3.639,1.506,0.469,3.150,1.486,0.712,1.933,0.136,2.633,2.608,2.548
2017-12-01,5.629,0.558,1.316,1.470,4.285,3.601,1.815,0.462,3.155,1.315,0.711,2.237,0.136,2.703,2.521,2.459
2018-01-01,5.654,0.568,1.281,1.509,4.291,3.681,1.769,0.471,2.961,1.326,0.682,2.336,0.135,2.902,2.596,2.539
2018-02-01,5.533,0.574,1.265,1.478,4.267,3.725,1.755,0.470,2.923,1.339,0.691,2.026,0.135,2.856,2.632,2.575
2018-03-01,5.527,0.582,1.309,1.502,4.343,3.579,1.831,0.468,2.903,1.305,0.682,1.868,0.135,2.827,2.631,2.572
2018-04-01,5.421,0.578,1.281,1.511,4.313,3.328,2.081,0.472,2.924,1.291,0.685,1.802,0.134,2.875,2.795,2.737
2018-05-01,5.452,0.575,1.293,1.523,4.294,3.400,1.987,0.469,2.919,1.348,0.698,1.675,0.136,3.132,2.963,2.907
2018-06-01,5.247,0.575,1.279,1.514,,3.490,1.628,0.469,2.877,1.409,0.689,1.706,0.139,3.132,2.970,2.914
2018-07-01,5.418,0.575,1.293,1.519,,3.481,1.725,0.468,2.839,1.538,0.690,1.887,0.139,3.220,2.930,2.873
2018-08-01,5.577,0.569,1.302,1.511,,3.351,1.622,0.464,2.871,1.559,0.705,1.737,0.139,3.229,2.919,2.862
2018-09-01,5.501,0.573,1.288,1.487,4.306,3.451,1.651,0.467,2.890,1.511,0.693,1.826,0.138,3.279,2.930,2.873
2018-10-01,5.370,0.574,1.277,1.444,,3.456,1.660,0.453,2.913,1.502,0.685,1.901,0.136,3.381,2.945,2.887
2018-11-01,5.392,0.566,1.274,1.501,,3.527,1.596,0.433,2.877,1.437,0.711,2.057,0.134,3.286,2.733,2.671
2018-12-01,5.502,0.577,1.290,1.466,,3.527,1.595,0.437,2.853,1.389,0.712,2.175,0.135,2.951,2.479,2.414
2019-01-01,5.518,0.576,1.274,1.473,,3.466,1.554,0.439,2.913,1.344,0.730,2.227,0.135,2.934,2.352,2.289
2019-02-01,5.502,0.571,1.282,1.486,,3.516,1.557,0.443,2.900,1.298,0.762,2.068,0.136,3.030,2.412,2.353
2019-03-01,5.608,0.581,1.261,1.468,,3.311,1.544,0.445,2.944,1.346,0.757,2.079,0.135,3.050,2.620,2.564
2019-04-01,5.552,0.567,1.285,1.463,,3.426,1.463,0.434,2.980,1.280,0.767,1.947,0.135,3.103,2.894,2.835
2019-05-01,5.812,0.579,1.289,1.479,,3.352,1.362,0.454,2.963,1.331,0.761,1.823,0.136,3.030,2.963,2.901
2019-06-01,5.878,0.574,1.280,1.590,,3.504,1.203,0.448,3.054,1.296,0.801,1.812,0.139,2.946,2.814,2.752
2019-07-01,5.701,0.569,1.281,1.562,,3.468,1.243,0.454,3.031,1.411,0.798,1.799,0.140,2.932,2.836,2.776
2019-08-01,5.576,0.578,1.275,1.514,,3.496,1.219,0.450,3.045,1.442,0.793,1.864,0.139,2.870,2.716,2.655
2019-09-01,5.571,0.569,1.296,1.487,,3.587,1.383,0.449,3.102,1.426,0.797,1.911,0.139,2.894,2.694,2.630
2019-10-01,5.653,0.573,1.325,1.538,4.174,3.602,1.282,0.432,3.119,1.470,0.773,1.779,0.136,3.008,2.741,2.673
2019-11-01,5.505,0.573,1.361,1.430,4.197,3.603,1.405,0.417,3.189,1.429,0.721,1.903,0.133,2.984,2.687,2.620
2019-12-01,5.474,0.573,1.363,1.450,4.053,3.584,1.535,0.429,3.188,1.327,0.714,1.954,0.133,3.035,2.652,2.587
2020-01-01,5.505,0.570,1.351,1.409,4.174,3.525,1.461,0.438,3.253,1.244,0.716,2.221,0.134,3.052,2.631,2.567
2020-02-01,5.497,0.574,1.375,1.362,4.250,3.551,1.449,0.438,3.196,1.218,0.734,2.197,0.134,2.812,2.530,2.465
2020-03-01,5.257,0.576,1.374,1.400,4.334,3.633,1.525,0.442,3.248,1.174,0.733,,0.134,2.405,2.334,2.267
2020-04-01,5.346,0.581,1.406,1.571,4.396,3.826,2.019,,3.267,,,,0.133,2.044,1.946,1.876
2020-05-01,5.348,0.589,1.412,,4.466,3.617,1.640,0.461,3.210,1.209,0.748,1.851,0.134,1.905,1.946,1.879
2020-06-01,5.772,0.588,1.474,1.747,4.517,3.717,1.554,0.468,3.198,1.296,0.749,1.922,0.137,2.057,2.141,2.076
2020-07-01,5.776,0.580,1.485,1.712,4.536,3.696,1.401,0.461,3.255,,0.772,1.977,0.137,2.134,2.243,2.176
2020-08-01,5.559,0.576,1.495,1.609,4.504,3.769,1.328,0.459,3.406,,0.769,1.874,0.137,2.161,2.245,2.177
2020-09-01,5.619,0.574,1.492,1.542,4.487,3.659,1.353,0.451,3.448,,0.777,1.847,0.137,2.123,2.260,2.193
2020-10-01,5.722,0.577,1.503,1.580,4.522,3.848,1.408,0.452,3.380,,0.766,1.911,0.135,2.139,2.228,2.159
2020-11-01,5.754,0.578,1.515,1.639,4.485,3.767,1.450,0.445,3.425,,0.791,1.935,0.136,2.208,2.159,2.090
2020-12-01,5.831,0.572,1.538,1.621,4.520,3.793,1.481,0.450,3.535,1.329,0.789,1.893,0.136,2.419,2.235,2.168
2021-01-01,5.831,0.597,1.546,1.595,4.591,3.669,1.466,0.446,3.468,1.303,0.794,1.928,0.136,2.549,2.391,2.326
2021-02-01,5.778,0.590,1.537,1.583,4.673,3.800,1.597,0.440,3.368,1.321,0.779,1.838,0.137,2.790,2.559,2.496
2021-03-01,5.852,0.594,1.526,1.543,4.671,3.964,1.625,0.436,3.348,1.266,0.772,1.768,0.138,2.873,2.856,2.791
2021-04-01,6.215,0.604,1.510,1.515,4.752,3.939,1.620,0.437,3.447,1.320,0.785,1.786,0.139,2.785,2.907,2.839
2021-05-01,6.346,0.600,1.511,1.486,4.566,4.019,1.625,0.439,3.497,1.317,0.801,1.804,0.140,2.825,3.041,2.972
2021-06-01,6.670,0.595,1.510,1.474,4.605,4.068,1.642,0.356,3.557,1.354,0.778,1.830,0.142,2.952,3.245,3.154
2021-07-01,6.857,0.594,1.491,1.435,4.562,4.065,1.642,0.368,3.627,,0.782,1.827,0.143,2.980,3.326,3.233
2021-08-01,7.096,0.589,1.467,1.472,4.726,4.065,1.709,0.371,3.560,,0.784,1.858,0.144,2.932,3.351,3.255
2021-09-01,7.220,0.597,1.580,1.504,4.733,3.981,1.835,0.382,3.585,,0.798,1.828,0.144,2.999,3.361,3.265
2021-10-01,7.317,0.600,1.526,1.523,4.800,3.815,1.821,0.396,3.663,1.490,0.788,1.892,0.142,3.422,3.477,3.385
2021-11-01,7.265,0.619,1.547,1.583,4.816,3.999,1.718,0.386,3.671,1.440,0.844,1.924,0.142,3.512,3.576,3.482
2021-12-01,7.211,0.622,1.532,1.606,4.965,4.089,1.788,0.388,3.743,1.448,0.820,1.906,0.142,3.443,3.505,3.408
2022-01-01,7.222,0.630,1.555,1.622,5.135,4.223,1.929,0.424,3.787,1.427,0.832,1.892,0.147,3.776,3.500,3.413
2022-02-01,7.097,0.628,1.578,1.632,5.247,4.150,2.005,0.428,3.875,1.445,0.830,1.826,0.148,4.058,3.675,3.592
2022-03-01,7.203,0.642,1.607,1.724,5.410,4.147,2.046,0.448,3.917,1.480,0.871,1.827,0.150,4.928,4.401,4.312
2022-04-01,7.422,0.637,1.612,1.794,5.529,4.174,2.520,0.455,4.012,1.505,0.900,1.794,0.151,5.143,4.369,4.271
2022-05-01,7.364,0.642,1.606,1.824,5.835,4.505,2.863,0.456,4.204,1.546,0.909,1.819,0.154,5.973,4.695,4.604
2022-06-01,7.403,0.640,1.691,1.826,5.793,4.567,2.707,0.498,4.153,1.600,0.924,1.842,0.160,5.863,5.149,5.058
2022-07-01,7.415,0.640,1.715,1.880,6.112,4.654,2.936,0.533,4.156,,0.929,1.842,0.166,5.256,4.768,4.667
