Date,PPI Final Demand (Seasonally Adjusted) ,PPI Final Demand (Unadjusted) ,PPI Final Demand less foods and energy (Unadjusted) ,"PPI Final Demand less foods, energy, and trade services (Unadjusted) ",PPI Finished Goods 1982=100 (Unadjusted) ,Total manufacturing industries,Electric power distribution,Fruit and vegetable canning,Petroleum lubricating oil & grease mfg,Industrial gas manufacturing,Chemical mfg,Carbon black,"All other basic organic chemical mfg, primary products",Plastics material and resins manufacturing,"Synthetic rubber mfg, primary products",Pharmaceutical preparation mfg,Paint & coating mfg,Iron & steel mills,"Aluminum sheet, plate & foil mfg",Sheet metal work mfg,Hardware mfg,Other fabricated wire product mfg,Industrial valve mfg,Ball and roller bearing mfg,Construction machinery mfg,Oil & gas field machinery & equipment mfg,Turbine & turbine generator set unit mfg,"Capacitor, resistor, coil, transformer, and other mfg",Electric power and specialty transformer mfg,Switchgear & switchboard apparatus mfg,Current-carrying wiring device mfg,"Automobile, light truck and utility vehicle mfg",Aircraft engine & engine parts mfg,Other aircraft parts & equipment mfg,New car dealers,Scheduled passenger air transportation,Line-haul railroads,Supermarkets and other grocery (exc convenience) stores,Truck transportation,"General freight trucking, long-distance, truckload",Other heavy machinery rental & leasing,Offices of physicians (exc mental health),General medical and surgical hospitals
2005-01-01,,,,,151.4,146.2,103.3,149.3,210.2,116.3,182.7,158.6,190.3,226.6,149.4,369.2,180.7,157.4,154.7,166.2,141.7,154.5,138.1,179.8,188.6,185.0,156.6,,155.0,158.2,148.9,139.8,163.4,150.3,116.0,209.1,131.9,127.4,106.0,120.1,102.5,124.9,145.3
2005-02-01,,,,,152.1,147.0,103.1,149.7,211.5,109.5,183.4,158.6,189.6,226.9,150.8,370.5,183.8,157.9,156.3,166.5,142.8,154.9,142.9,182.4,188.3,185.8,156.8,,155.7,158.1,149.1,137.4,163.2,150.3,116.6,208.4,132.0,130.8,106.1,120.9,104.5,125.1,146.1
2005-03-01,,,,,153.6,148.9,103.3,149.9,215.1,113.5,184.7,158.6,192.9,229.1,152.6,370.7,184.4,153.2,157.7,165.9,143.2,154.7,143.8,185.1,189.2,190.0,156.8,,158.2,159.9,150.2,136.8,163.2,150.8,117.2,215.9,133.7,130.2,106.9,121.7,105.9,125.5,146.1
2005-04-01,,,,,154.4,149.6,103.5,150.2,218.1,112.6,185.9,158.3,195.7,230.6,153.8,372.1,185.1,151.3,159.6,166.1,143.2,155.1,144.7,186.3,189.7,190.7,157.5,,158.9,161.3,149.8,136.5,163.5,150.7,117.4,214.5,135.0,128.2,107.6,122.5,106.1,125.5,146.1
2005-05-01,,,,,154.3,149.4,104.6,151.4,224.9,115.6,185.8,158.3,195.2,226.3,153.6,375.8,186.8,147.1,158.4,165.6,143.5,154.4,144.7,186.7,193.2,191.8,158.4,,158.9,160.2,149.7,135.8,163.6,151.3,116.3,213.2,138.7,128.7,108.1,123.3,106.6,125.5,146.2
2005-06-01,,,,,154.2,149.6,108.7,151.8,224.8,114.8,185.3,158.3,195.4,219.9,154.7,377.7,187.3,141.5,155.2,164.9,143.8,153.3,145.6,186.9,193.4,192.7,158.2,,160.7,162.7,149.8,132.6,163.5,151.3,115.6,219.8,139.2,132.5,108.7,123.3,107.2,125.7,146.3
2005-07-01,,,,,155.5,151.0,109.9,151.9,227.3,113.1,186.3,183.0,195.8,218.7,155.3,384.6,187.8,139.3,154.0,164.8,143.8,153.9,145.9,187.3,193.9,193.3,154.1,,161.1,159.5,150.3,132.8,163.3,151.5,115.5,223.3,139.3,132.2,109.1,123.3,107.0,125.8,146.6
2005-08-01,,,,,156.3,151.8,110.3,152.0,235.5,116.5,186.4,183.1,194.2,217.1,155.3,385.6,188.1,133.7,154.5,164.8,144.1,153.9,145.9,187.6,194.5,193.4,155.0,,161.2,160.0,150.1,131.7,163.4,153.3,115.2,219.4,140.8,131.3,109.4,123.6,108.9,125.7,146.8
2005-09-01,,,,,158.9,154.2,110.5,152.0,241.8,116.3,187.7,183.1,197.5,223.0,157.3,382.3,188.3,136.1,154.9,165.0,144.2,154.2,147.2,189.9,194.1,194.1,154.8,,162.6,159.9,152.9,131.9,163.6,153.2,115.2,214.9,142.5,132.8,110.7,125.2,108.6,125.8,147.5
2005-10-01,,,,,160.9,156.6,109.3,152.3,245.7,130.5,191.2,197.8,206.3,238.6,159.8,382.4,188.8,140.6,156.0,165.4,145.1,153.9,147.7,190.2,194.2,195.1,155.1,,163.5,161.8,153.0,137.8,163.8,152.8,117.6,219.7,145.7,136.7,112.1,126.7,108.8,125.9,150.0
2005-11-01,,,,,158.3,152.7,109.1,152.7,256.5,129.4,193.6,197.8,210.7,244.3,162.6,386.6,191.9,146.1,158.1,165.7,145.2,156.3,147.4,190.2,194.5,200.3,156.4,,166.6,162.3,153.3,134.8,163.8,152.9,116.1,227.7,148.4,138.5,111.9,127.3,109.2,125.9,150.3
2005-12-01,,,,,158.7,152.8,109.4,153.2,262.7,131.5,193.9,197.8,208.6,241.2,162.3,387.0,193.1,146.1,162.2,165.7,145.2,157.0,147.8,190.7,194.8,201.8,157.4,,168.1,160.9,153.6,132.9,163.9,153.0,117.4,219.1,148.4,136.2,111.2,126.4,109.1,125.9,150.3
2006-01-01,,,,,159.9,154.1,112.7,153.3,265.5,126.0,195.7,216.3,209.0,240.0,164.8,391.3,194.5,149.8,165.9,166.5,145.7,157.4,148.7,191.1,197.8,202.5,159.9,,170.0,163.1,155.2,133.7,167.7,153.9,118.2,225.9,147.2,136.0,111.3,125.6,108.9,126.1,151.5
2006-02-01,,,,,158.0,153.5,113.2,152.7,263.1,127.6,196.2,216.3,208.5,236.4,166.5,394.7,196.8,149.7,171.3,166.9,145.6,158.2,152.8,192.3,199.1,204.8,159.0,,170.5,165.0,158.2,133.7,168.0,154.0,119.4,229.4,146.3,133.5,111.2,125.6,109.0,126.2,151.7
2006-03-01,,,,,159.1,155.0,112.7,153.2,268.5,124.9,196.2,216.3,209.6,235.4,165.9,396.0,200.4,149.8,173.9,167.6,146.0,157.8,152.5,192.4,199.9,205.6,158.5,,172.4,165.5,159.2,133.4,168.8,153.7,123.2,232.1,148.3,139.2,111.7,125.7,109.3,126.4,151.9
2006-04-01,,,,,160.7,157.2,113.4,153.7,275.8,122.7,195.7,216.5,204.8,231.6,164.4,395.1,200.5,151.3,175.6,168.3,146.3,157.9,153.5,192.4,199.8,206.3,159.1,,174.3,165.8,160.7,132.3,170.3,153.8,123.2,233.8,148.6,135.4,112.3,126.1,109.8,126.3,152.3
2006-05-01,,,,,161.2,158.5,114.1,154.4,278.3,122.2,196.6,216.5,205.9,232.6,164.1,400.1,201.3,153.4,183.2,169.0,146.3,160.6,154.6,192.1,200.3,209.1,159.4,,175.1,165.6,163.1,132.0,169.9,153.6,123.4,228.3,150.5,134.9,113.5,127.6,109.5,126.5,152.5
2006-06-01,,,,,161.8,159.5,118.1,155.5,285.1,120.9,197.2,216.5,203.8,235.1,164.0,399.1,201.6,159.9,185.1,171.9,147.1,160.7,159.2,192.2,201.3,210.4,160.7,,185.9,166.7,165.8,130.6,169.8,153.6,123.4,236.7,153.1,134.1,113.8,128.0,112.1,126.9,152.7
2006-07-01,,,,,161.7,159.4,118.7,155.5,290.1,118.9,197.6,219.1,203.6,235.8,165.4,400.2,201.4,167.5,181.8,172.5,149.6,162.9,160.1,195.9,201.3,211.2,161.5,,188.6,166.2,166.0,123.7,169.7,153.6,122.8,238.5,154.9,135.9,114.0,128.1,114.8,127.1,153.5
2006-08-01,,,,,162.3,159.8,118.4,155.9,295.5,120.1,197.8,219.1,204.8,238.7,166.0,399.5,201.7,169.7,179.9,174.5,150.7,164.1,160.8,196.4,201.3,212.0,161.8,,191.2,168.8,166.5,125.7,169.7,153.6,122.5,237.8,155.1,137.1,114.7,128.8,115.5,127.1,153.7
2006-09-01,,,,,160.3,156.8,118.9,157.0,296.9,115.3,197.9,219.1,205.7,239.9,167.3,399.8,202.2,174.5,178.8,174.9,150.9,164.0,162.1,196.8,202.3,212.5,163.3,,193.7,169.8,165.8,126.5,170.0,154.3,123.1,223.6,155.6,137.3,114.6,129.1,115.6,127.0,153.8
2006-10-01,,,,,158.9,155.9,115.0,158.1,297.1,127.4,197.2,216.4,206.9,238.3,168.6,398.7,202.9,176.5,178.9,175.1,151.3,164.0,164.8,197.0,202.6,216.2,163.3,,194.1,170.2,166.0,129.4,170.3,154.4,122.7,224.4,155.5,137.4,113.8,128.6,115.8,126.9,155.8
2006-11-01,,,,,159.8,156.4,112.6,160.7,298.8,115.6,196.5,216.4,208.8,234.3,171.2,398.8,203.1,167.9,182.1,175.3,151.6,164.6,164.6,197.0,203.5,216.3,164.2,,194.0,169.8,166.2,135.0,171.2,154.5,123.2,227.7,152.5,135.4,113.5,128.0,116.5,126.9,156.0
2006-12-01,,,,,160.5,156.9,112.9,160.7,299.0,134.6,197.0,216.4,209.1,227.6,171.0,401.6,203.5,167.5,183.7,176.2,151.4,164.6,164.2,197.2,203.5,216.5,164.9,,194.7,173.2,166.5,133.8,171.2,154.5,122.6,216.7,151.2,135.7,113.5,127.8,117.8,127.3,156.2
2007-01-01,,,,,160.1,156.4,114.6,164.0,304.5,112.6,197.3,199.3,213.2,224.5,172.1,405.9,204.1,163.5,187.0,176.3,152.6,165.1,166.8,199.8,205.2,220.4,166.2,,197.2,175.2,167.2,132.8,175.9,156.4,124.1,225.2,151.8,136.2,113.8,128.5,118.0,131.5,157.4
2007-02-01,,,,,161.8,157.7,115.7,164.0,305.3,117.0,198.1,199.3,212.5,222.4,172.1,407.8,205.3,166.5,189.0,176.8,153.1,165.1,169.0,199.9,205.8,222.2,170.2,,203.1,177.1,168.7,132.5,177.0,156.5,124.6,228.0,152.5,138.3,113.5,128.0,117.7,131.9,157.6
2007-03-01,,,,,164.1,160.1,114.9,164.6,304.5,120.7,199.4,199.3,212.3,224.0,172.3,409.2,208.8,170.3,189.7,176.3,153.5,165.2,169.2,199.9,205.7,223.2,170.7,,204.5,178.4,168.9,131.9,176.0,159.1,124.9,232.7,151.2,139.5,114.0,127.7,118.2,132.1,157.4
2007-04-01,,,,,165.9,162.2,115.5,164.9,303.9,125.2,201.1,198.0,205.2,228.8,172.8,410.8,209.0,177.8,190.7,176.4,154.4,165.5,170.0,199.7,206.3,224.7,171.8,,204.8,179.1,168.6,130.5,176.4,159.6,125.5,234.0,152.5,140.3,115.0,128.3,118.2,131.9,157.5
2007-05-01,,,,,167.5,163.8,117.8,164.5,306.4,126.1,201.9,198.0,205.8,230.0,172.9,411.0,209.2,181.0,190.9,176.6,154.7,166.2,171.5,199.6,206.3,224.7,172.9,,207.2,179.1,174.7,130.1,176.6,159.6,125.3,224.8,154.0,142.4,115.4,128.5,117.7,131.7,157.5
2007-06-01,,,,,167.2,163.7,122.3,165.1,305.3,127.4,202.8,198.0,207.9,231.8,174.6,411.6,209.6,181.2,192.1,176.7,155.0,166.2,172.6,199.5,206.8,225.7,167.4,,206.4,179.2,176.2,129.8,177.1,159.9,125.9,238.2,157.3,140.7,115.5,128.2,117.9,131.8,157.7
2007-07-01,,,,,168.5,164.9,122.9,164.7,302.1,127.9,203.6,209.7,211.8,233.5,175.0,413.0,209.9,180.2,188.6,176.7,155.5,167.6,174.4,199.8,207.2,227.3,167.5,,207.6,179.6,176.1,129.2,177.0,160.8,124.9,241.4,157.2,141.2,115.3,128.3,117.9,131.8,158.2
2007-08-01,,,,,166.1,163.0,122.9,164.5,304.2,123.9,204.9,209.7,211.7,234.4,175.6,417.5,209.8,172.1,187.8,177.2,155.8,169.0,175.2,205.1,207.3,227.5,167.5,,209.7,177.7,175.7,128.2,177.5,160.9,123.8,243.2,159.1,141.4,115.5,128.7,118.1,131.8,158.1
2007-09-01,,,,,167.4,163.7,123.2,166.1,302.7,122.4,205.0,209.7,210.1,233.4,175.6,418.7,210.0,168.3,184.3,177.2,155.7,169.1,175.4,205.1,207.2,227.6,167.8,,207.9,181.7,175.5,126.6,177.7,160.8,124.8,228.9,160.8,140.3,115.5,129.0,118.5,132.6,158.3
2007-10-01,,,,,168.6,164.5,119.8,166.8,303.2,121.7,206.4,220.9,218.1,237.0,175.1,419.4,210.2,165.1,180.6,177.4,155.6,168.9,176.1,205.5,207.8,227.5,167.8,,208.4,181.3,175.0,134.1,178.2,161.2,124.1,238.8,161.4,143.2,116.1,129.3,118.4,132.6,161.6
2007-11-01,,,,,171.4,168.0,118.2,167.0,306.7,126.0,209.2,231.4,223.6,243.5,175.8,420.2,210.6,168.4,182.0,177.2,155.2,168.9,176.5,206.3,208.0,227.7,168.7,,209.6,182.1,176.3,134.8,178.2,161.7,124.5,242.4,163.4,143.5,117.1,130.4,118.7,131.0,162.3
2007-12-01,,,,,170.4,166.9,118.4,167.1,308.6,129.0,210.4,231.4,222.4,245.8,176.2,420.9,211.5,169.9,181.4,177.1,155.5,168.9,177.3,206.3,208.2,228.1,168.8,,211.0,182.5,175.5,132.9,178.3,161.7,127.7,236.1,165.1,141.8,117.8,131.3,118.8,132.4,162.2
2008-01-01,,,,,172.0,168.5,119.6,168.5,314.9,130.1,213.6,241.1,229.3,250.0,182.2,427.0,212.6,171.5,180.1,177.7,156.9,173.1,177.3,206.8,209.5,230.1,169.0,,217.0,180.9,175.8,133.6,182.0,164.6,127.5,243.7,169.6,147.6,119.0,131.4,118.9,133.0,162.6
2008-02-01,,,,,172.3,169.6,119.0,169.1,317.2,128.9,215.8,241.1,231.0,250.2,184.1,433.1,216.5,173.1,181.4,178.9,157.1,174.9,181.1,207.2,210.2,233.2,174.6,,217.9,183.3,174.5,133.5,183.1,165.0,127.1,242.8,169.1,145.6,119.3,131.3,119.1,133.0,162.9
2008-03-01,,,,,175.1,173.4,120.1,169.4,320.4,135.9,218.4,241.1,234.4,250.6,186.1,434.0,216.3,182.1,189.9,180.6,157.8,180.3,179.9,207.4,210.9,240.7,178.4,,225.0,183.7,175.6,132.1,183.5,164.8,126.9,252.9,169.6,145.0,121.0,132.0,119.1,133.0,163.2
2008-04-01,,,,,176.5,175.3,121.3,173.0,330.2,137.7,221.1,247.9,235.3,251.3,192.7,437.7,217.7,194.9,193.8,182.6,159.8,195.3,180.8,207.9,211.3,242.3,178.4,,226.4,185.3,176.1,133.1,183.8,164.9,127.4,251.4,170.6,149.0,122.4,133.3,119.1,132.9,163.0
2008-05-01,,,,,179.8,179.4,123.4,174.1,332.4,137.5,224.5,247.9,238.8,256.1,198.2,439.2,217.7,213.5,194.4,187.7,162.8,200.1,181.5,208.8,211.7,242.7,183.5,,229.6,184.8,176.4,132.2,183.7,165.6,126.6,256.8,174.4,150.0,124.5,136.4,119.0,132.9,162.9
2008-06-01,,,,,182.4,182.0,127.0,174.6,338.2,148.9,228.5,256.6,238.9,258.6,204.0,439.0,218.1,227.5,195.3,188.6,164.1,201.7,183.3,209.5,212.6,244.8,183.5,,234.6,186.7,177.9,129.5,184.0,165.9,126.1,271.1,178.0,149.5,126.6,139.0,117.4,132.9,162.8
2008-07-01,,,,,185.1,185.6,129.7,175.7,354.2,151.0,234.5,265.2,263.6,269.8,227.4,441.6,220.3,232.3,197.6,191.5,165.5,206.2,185.1,218.9,213.9,246.9,193.6,,239.0,188.5,178.7,128.2,184.3,166.0,125.9,270.3,181.3,151.7,127.1,139.9,117.4,133.2,163.4
2008-08-01,,,,,182.2,182.6,130.0,178.5,377.2,156.8,238.2,265.2,259.7,274.4,241.1,442.9,226.9,237.6,195.9,192.8,168.0,209.0,184.7,219.1,214.3,247.8,193.6,,238.2,191.1,179.2,129.1,184.4,167.3,124.5,267.9,183.3,153.5,126.6,140.2,117.4,133.3,163.5
2008-09-01,,,,,182.2,182.9,129.6,182.5,395.1,146.6,240.4,265.2,279.9,269.5,250.5,445.3,228.7,231.2,194.0,194.1,168.6,207.3,184.7,219.4,215.0,248.5,193.6,,238.6,190.7,178.1,128.7,184.8,167.4,124.4,261.7,182.6,151.6,125.3,137.6,117.1,133.4,163.3
2008-10-01,,,,,177.4,176.8,127.4,183.8,401.2,140.4,239.3,325.2,273.7,264.8,255.3,446.2,230.4,208.3,191.6,193.4,168.8,207.7,184.6,220.5,215.5,249.0,204.2,,238.9,191.8,179.8,139.4,184.4,167.7,123.5,263.9,179.5,151.9,124.2,137.4,117.5,133.8,165.3
2008-11-01,,,,,172.0,169.4,125.1,185.6,400.8,139.2,234.5,325.2,290.5,239.1,260.0,448.9,236.4,191.3,185.5,193.9,170.0,206.3,186.0,220.6,218.0,249.9,205.3,,225.3,191.0,181.3,137.7,185.5,167.6,125.2,255.8,176.1,156.2,121.4,133.8,117.5,134.0,165.3
2008-12-01,,,,,168.8,164.1,125.4,187.0,397.4,137.9,229.7,325.2,278.5,227.1,246.7,453.1,236.4,167.0,180.3,189.8,171.0,202.8,186.0,221.9,217.6,250.2,205.3,,221.8,192.3,181.2,137.6,185.4,167.7,123.0,247.3,171.3,154.4,119.1,130.4,117.4,134.0,165.6
2009-01-01,,,,,170.4,164.7,126.7,188.4,385.2,142.0,226.7,268.6,273.5,218.8,221.3,457.0,236.5,159.1,164.3,188.4,168.3,202.7,186.5,222.3,220.7,249.8,208.7,,215.2,193.9,181.1,137.0,192.0,168.4,123.9,249.0,166.8,154.1,118.5,128.3,117.3,135.6,166.9
2009-02-01,,,,,169.9,163.9,127.0,189.1,379.8,137.5,225.1,268.6,270.2,224.7,196.8,459.2,236.8,152.3,158.6,184.6,167.3,199.8,186.9,222.5,220.5,250.1,209.5,,218.5,190.4,181.5,136.8,192.8,168.8,126.0,237.5,164.6,153.1,117.7,127.1,117.3,135.6,167.2
2009-03-01,,,,,169.1,162.9,126.0,191.3,369.8,129.6,224.6,268.6,268.7,222.0,187.3,462.9,237.4,148.4,150.8,183.3,168.2,195.0,187.2,222.3,221.8,250.2,209.9,,220.2,193.2,180.4,136.0,194.1,169.0,125.7,234.7,163.1,159.4,116.1,125.1,116.9,135.8,167.4
2009-04-01,,,,,170.3,164.2,125.8,191.4,360.3,130.7,223.6,265.9,260.1,218.4,182.6,465.7,237.3,138.3,148.8,182.9,166.6,195.4,187.2,222.1,221.2,249.6,207.9,,219.6,194.7,181.2,136.7,194.2,168.8,127.2,235.2,162.8,154.6,116.5,124.2,116.8,135.8,167.3
2009-05-01,,,,,171.1,165.8,127.5,190.8,354.5,127.3,222.8,242.2,254.3,221.6,176.9,466.4,236.7,135.0,150.7,182.3,165.5,195.5,187.2,226.6,221.7,250.8,207.7,,219.7,190.6,181.6,136.1,193.9,169.4,125.7,222.1,162.8,156.3,116.7,124.2,117.8,136.3,167.6
2009-06-01,,,,,174.3,168.4,129.5,191.0,342.0,127.2,222.4,243.0,255.4,221.3,179.4,468.7,236.9,136.6,151.0,181.1,166.3,194.8,187.9,226.6,221.7,246.8,209.8,,221.6,191.7,181.0,137.9,193.9,169.6,126.2,227.3,163.9,156.7,117.1,124.6,115.5,136.5,167.7
2009-07-01,,,,,172.4,167.1,131.0,191.0,343.3,127.6,224.1,244.8,258.9,232.0,182.1,471.5,236.8,140.1,153.1,180.1,166.0,195.2,187.7,227.1,221.6,249.9,210.8,,221.1,191.7,180.4,134.6,194.5,169.8,126.8,232.6,164.6,152.0,117.6,126.1,116.5,136.8,167.9
2009-08-01,,,,,174.2,169.4,130.4,190.5,346.6,127.1,224.0,254.8,259.1,231.5,196.0,472.6,236.5,145.7,157.6,180.2,166.8,196.4,187.2,226.4,220.9,246.8,211.0,,224.4,193.8,181.0,136.1,194.4,169.9,132.5,239.5,167.2,151.2,117.5,125.6,116.1,136.8,168.8
2009-09-01,,,,,173.2,168.6,130.5,189.8,344.3,126.3,225.1,254.7,264.1,234.8,207.8,473.9,236.7,151.8,161.2,179.9,170.5,204.1,187.3,227.3,220.3,246.7,213.1,,227.0,193.6,181.0,133.8,194.1,170.2,132.2,231.0,167.3,149.9,117.8,126.4,116.3,136.8,168.7
2009-10-01,,,,,173.8,168.9,127.2,189.2,350.5,125.1,225.0,257.2,265.2,233.4,211.3,475.9,236.8,158.1,161.1,181.4,169.3,206.2,187.3,226.7,220.2,246.9,209.5,,228.0,194.2,181.7,138.3,193.9,170.6,131.1,236.7,167.7,146.5,117.4,125.4,117.4,137.5,171.8
2009-11-01,100.2,100.0,,,175.7,170.7,125.4,188.9,347.8,124.4,225.4,275.0,264.4,233.5,212.8,476.9,236.5,153.9,160.3,183.2,169.7,204.2,187.3,226.7,221.2,246.8,210.1,,231.2,194.6,181.4,139.5,194.2,170.5,130.9,243.0,168.2,145.8,117.8,126.1,117.2,137.5,171.9
2009-12-01,100.3,99.9,,,176.0,170.8,125.5,188.9,345.2,124.1,227.3,276.7,267.4,242.1,212.0,479.7,236.9,154.1,164.4,183.2,169.3,204.5,187.3,226.5,221.7,246.8,210.2,,232.8,194.5,180.9,138.1,193.8,170.5,130.5,245.1,168.3,145.1,117.2,125.5,114.1,137.6,172.0
2010-01-01,101.2,101.0,,,178.0,173.1,125.9,188.8,347.2,125.2,228.7,282.6,267.6,240.0,217.2,488.6,237.3,158.8,170.7,180.0,169.4,202.9,188.1,227.5,221.4,246.9,211.2,,235.2,194.2,182.8,139.3,197.9,171.1,133.7,250.9,170.4,144.5,117.3,125.3,116.9,138.6,172.8
2010-02-01,101.0,100.9,,,176.9,172.2,126.4,186.8,348.5,125.4,231.3,281.0,270.0,252.8,219.2,490.8,237.6,164.7,172.1,180.2,169.6,203.2,188.6,227.5,221.1,247.4,210.0,,235.6,193.4,181.2,139.0,198.4,170.6,133.7,249.3,171.2,151.1,117.6,125.6,116.3,138.6,173.1
2010-03-01,101.1,101.2,,,179.1,173.9,127.7,187.2,356.4,124.8,232.0,285.7,272.8,248.7,221.7,492.7,234.2,170.3,171.7,181.8,168.3,204.7,188.6,227.8,221.1,246.2,209.1,,235.4,194.5,182.1,137.8,198.6,170.6,133.1,255.5,172.5,148.8,118.5,126.7,112.0,139.0,173.3
2010-04-01,101.4,101.6,100.0,,179.5,175.2,128.3,186.9,354.4,125.0,234.1,284.3,273.8,263.9,227.2,492.0,235.5,179.0,178.1,182.9,169.6,206.7,189.4,227.7,221.7,246.9,209.3,,235.6,194.7,182.7,137.2,198.7,170.6,133.8,259.9,172.7,146.5,118.9,127.0,113.9,139.1,173.3
2010-05-01,101.6,101.8,100.2,,179.9,176.1,129.6,186.9,354.7,124.9,233.4,283.3,279.5,254.0,233.4,492.0,235.8,186.5,175.7,183.7,170.7,207.8,189.9,227.9,220.9,247.0,210.2,,238.4,194.2,182.3,137.3,198.7,169.2,133.6,255.0,174.7,144.3,119.5,128.1,111.7,139.1,173.2
2010-06-01,101.4,101.6,100.1,,179.0,174.8,134.4,185.9,359.6,126.4,232.6,291.3,281.9,247.6,240.0,492.5,235.9,189.2,170.7,183.3,171.1,210.5,190.3,228.0,218.5,247.3,210.0,,237.0,195.8,182.5,135.4,198.8,169.2,133.7,263.2,176.1,146.9,119.4,128.6,112.6,139.8,173.3
2010-07-01,101.6,101.7,100.2,,179.5,174.7,135.5,185.0,367.8,128.2,233.5,287.1,280.4,251.7,242.0,497.0,236.2,180.2,168.1,183.6,171.0,210.9,190.4,228.3,218.4,246.8,210.3,,236.5,194.9,182.4,134.8,199.3,169.2,134.7,264.7,175.9,145.9,119.3,128.3,112.8,140.0,173.4
2010-08-01,101.8,101.9,100.3,,180.0,175.3,135.6,184.8,373.1,129.1,233.7,286.4,281.8,250.0,241.2,497.5,237.6,173.5,171.3,189.4,170.7,210.7,190.5,232.9,219.8,246.8,210.5,,236.6,195.8,183.0,135.0,199.3,169.1,134.7,258.3,174.8,145.2,119.4,128.7,114.1,140.4,173.5
2010-09-01,102.1,102.0,100.4,,180.0,175.5,135.5,183.7,372.3,130.3,234.6,286.9,280.7,249.2,241.2,499.9,237.6,173.5,173.5,187.6,169.5,211.4,190.4,232.8,220.8,247.2,210.4,,236.7,195.2,183.9,134.5,199.2,167.7,134.6,243.4,175.1,151.3,119.6,128.8,115.3,140.5,173.7
2010-10-01,102.5,102.5,100.7,,181.2,177.3,130.9,183.6,373.3,130.0,236.3,286.0,283.5,254.1,240.6,502.6,238.0,175.1,176.9,188.4,169.3,210.3,190.8,232.9,220.4,247.5,211.1,,237.5,196.1,183.5,137.7,199.4,168.2,133.3,250.7,175.6,151.2,120.1,129.4,115.4,140.8,174.8
2010-11-01,102.8,102.6,100.7,,181.6,178.2,128.3,183.8,374.2,128.4,236.8,285.8,284.2,249.4,240.0,502.6,240.6,174.7,181.4,189.0,169.8,209.5,191.6,233.0,220.1,246.5,211.0,,238.5,195.5,183.0,137.0,199.8,168.2,133.1,253.0,175.5,152.5,121.3,131.0,116.5,140.8,174.8
2010-12-01,103.1,102.7,100.6,,182.6,179.1,128.9,184.3,379.5,128.5,237.6,289.5,288.8,248.0,241.3,501.9,241.1,175.9,180.7,189.2,169.5,210.5,191.9,233.5,221.5,248.1,211.7,,238.5,196.4,182.6,136.4,199.8,168.2,133.3,252.7,176.9,152.3,121.4,131.5,117.2,140.8,174.8
2011-01-01,103.7,103.4,101.2,,184.5,181.1,130.0,185.8,390.8,130.3,242.6,292.6,295.3,253.0,245.8,514.1,244.5,181.4,182.9,188.2,170.5,211.4,193.7,233.5,222.8,248.5,212.7,,240.5,194.4,183.1,137.0,202.3,169.3,136.8,260.6,180.2,154.5,122.2,132.0,116.1,140.8,175.5
2011-02-01,104.3,104.2,101.6,,186.7,183.3,130.8,186.5,393.5,128.4,245.0,295.9,303.6,259.7,255.8,515.1,244.3,193.0,183.7,189.7,172.5,213.7,195.4,233.5,224.4,249.3,212.2,,242.9,195.4,185.5,137.0,204.2,169.4,137.1,264.8,181.6,156.1,123.7,133.0,114.4,141.3,176.1
2011-03-01,105.0,105.2,102.2,,189.3,187.3,131.1,187.5,389.9,128.3,247.6,298.7,308.4,264.7,264.9,514.3,248.1,197.7,188.6,192.3,172.7,216.7,196.9,233.8,225.6,249.4,211.9,,244.1,198.3,185.7,136.7,204.3,170.1,137.2,277.4,184.7,155.8,125.1,135.1,117.3,141.4,176.5
2011-04-01,105.5,105.9,102.5,,191.6,190.2,131.1,188.1,400.8,132.0,250.2,312.2,316.2,271.0,273.5,514.9,248.3,201.5,194.6,196.0,174.8,217.5,197.9,234.9,225.2,251.0,212.7,,245.7,198.8,186.1,137.4,204.9,170.4,137.0,276.0,188.4,153.8,126.6,137.1,115.0,141.5,176.7
2011-05-01,105.8,106.1,102.5,,192.7,191.9,133.0,188.4,427.3,133.5,252.8,317.6,321.5,282.6,291.0,514.1,248.9,201.5,198.4,196.1,175.8,218.6,198.2,235.1,226.2,251.9,214.1,,246.5,198.5,186.3,136.7,204.8,170.9,137.1,274.4,192.1,154.6,127.4,137.9,112.3,141.5,176.8
2011-06-01,105.9,106.0,102.7,,191.6,191.1,136.2,188.8,431.2,135.8,253.4,326.3,325.3,281.9,309.4,512.5,249.2,199.2,198.8,197.0,175.9,219.8,200.5,240.7,227.4,254.6,215.0,,245.6,199.3,187.1,136.9,204.8,171.7,138.5,274.5,193.3,156.6,126.9,137.6,116.2,141.7,176.9
2011-07-01,106.1,106.3,102.9,,192.4,191.7,137.9,190.9,445.9,137.6,255.1,323.9,327.9,280.5,324.6,517.1,250.0,199.7,194.9,198.0,176.6,220.0,201.0,241.3,228.3,255.4,213.2,,245.3,200.0,188.2,136.7,204.3,171.5,139.0,275.2,193.2,155.4,126.7,137.4,117.8,141.9,177.2
2011-08-01,106.3,106.4,103.3,,191.8,190.7,138.4,191.5,451.3,135.2,255.2,326.7,315.6,276.6,332.2,521.0,250.3,200.0,194.7,198.4,178.0,220.4,201.2,241.6,228.8,255.5,212.0,,245.3,199.5,189.0,136.5,204.7,171.5,137.8,281.3,192.2,160.7,126.7,137.3,117.5,142.1,177.5
2011-09-01,106.7,106.6,103.3,,192.8,191.5,138.0,193.9,452.0,135.7,256.7,329.3,318.3,279.2,328.9,522.8,251.1,199.7,191.5,199.0,178.0,221.1,202.8,241.5,230.2,256.2,213.2,,243.5,199.2,190.7,135.7,204.9,171.7,138.7,269.6,192.2,159.5,127.5,138.2,120.1,142.3,177.9
2011-10-01,106.3,106.3,103.4,,191.9,190.2,134.9,194.4,453.4,134.2,255.9,326.4,322.0,273.7,322.9,522.5,252.5,197.8,188.4,196.8,177.1,221.2,204.2,241.7,230.7,256.2,211.6,,243.4,198.2,190.6,140.6,205.2,171.7,138.3,275.5,191.7,158.2,127.5,138.2,118.2,142.6,179.2
2011-11-01,106.6,106.4,103.4,,191.9,190.6,132.5,195.2,451.5,132.8,255.6,326.4,317.9,276.0,296.4,523.6,252.9,196.6,182.5,198.3,177.2,220.7,204.4,241.9,231.6,256.3,210.2,,243.4,198.6,191.3,140.7,205.7,172.0,138.6,275.2,191.6,157.8,128.1,139.7,119.8,142.7,179.3
2011-12-01,106.5,106.0,103.2,,191.2,189.6,132.9,195.3,454.3,133.7,254.7,327.9,315.5,271.1,283.8,525.1,253.5,196.1,179.9,196.0,177.2,220.6,205.9,242.5,232.4,256.4,211.5,100.0,243.8,197.8,192.7,140.3,205.8,171.9,138.1,276.9,191.5,156.3,128.2,139.7,121.7,142.8,179.9
2012-01-01,106.9,106.6,103.7,,192.1,191.1,132.4,197.1,450.4,134.7,258.4,339.8,311.7,275.9,284.6,541.0,266.1,196.3,177.4,196.0,177.4,221.5,206.4,242.6,234.1,257.5,207.5,99.5,246.8,197.8,193.4,141.0,207.7,173.2,139.0,280.6,193.4,161.7,128.7,140.7,120.4,143.4,180.4
2012-02-01,107.2,107.1,104.2,,193.0,192.1,132.5,197.7,447.6,134.9,259.7,339.8,311.3,279.6,294.0,541.0,267.0,198.2,180.6,195.5,177.4,223.0,207.2,242.7,235.7,257.9,208.3,99.5,247.1,199.2,195.6,140.4,209.1,170.3,139.1,286.3,194.6,164.2,129.1,141.5,119.7,143.5,180.5
2012-03-01,107.4,107.7,104.5,,194.5,194.3,132.1,198.4,450.0,134.9,261.7,349.9,315.3,283.4,311.2,540.9,268.9,196.3,183.1,195.6,177.2,223.6,208.9,242.9,234.4,258.4,208.9,99.6,243.5,198.4,195.4,140.3,209.6,170.6,143.0,292.2,194.9,164.0,130.5,143.4,121.1,143.5,180.6
2012-04-01,107.7,108.0,104.7,,195.0,194.7,132.0,198.0,450.4,136.7,262.0,358.3,320.6,283.9,321.6,540.3,269.5,196.3,182.0,195.6,177.6,223.2,209.4,243.3,234.8,260.7,209.1,99.6,245.4,199.1,195.2,140.6,209.7,170.8,143.8,293.5,196.4,163.6,130.9,143.9,117.2,143.5,181.1
2012-05-01,107.6,107.8,104.8,,193.8,193.6,134.0,198.2,449.5,133.8,262.0,358.3,321.3,283.1,316.9,541.9,270.1,195.2,178.3,196.6,177.9,223.2,209.4,243.3,234.6,261.0,210.8,99.7,244.6,199.1,195.7,139.7,210.0,171.2,143.4,289.2,200.5,165.6,130.8,144.4,117.7,143.4,181.2
2012-06-01,107.3,107.4,104.7,,192.9,191.7,136.6,199.0,454.0,135.0,259.6,358.3,322.7,280.3,292.8,541.3,270.4,189.9,177.2,195.9,178.3,224.2,209.6,248.7,234.8,261.4,212.9,99.5,243.2,198.6,195.7,140.1,210.0,171.4,141.3,294.4,200.2,163.6,130.0,142.9,114.3,143.5,181.4
2012-07-01,107.2,107.4,104.6,,193.3,191.2,139.2,199.5,452.6,135.9,259.6,356.9,318.5,277.0,277.0,550.3,270.6,186.0,176.4,195.9,177.9,223.8,209.7,249.0,235.3,261.8,213.1,99.5,240.1,199.0,196.3,140.9,210.4,171.4,141.7,289.0,198.7,162.4,130.0,142.1,116.6,143.6,182.2
2012-08-01,107.5,107.7,104.5,,195.5,193.5,139.2,201.0,448.2,135.4,260.2,365.5,310.3,277.5,272.2,553.3,270.9,180.7,175.2,195.4,177.9,223.0,209.8,250.5,235.3,261.9,212.2,99.8,240.2,199.1,197.1,140.8,210.6,171.7,140.8,289.7,196.9,162.1,131.2,143.8,119.1,143.6,182.5
2012-09-01,108.2,108.2,104.7,,196.9,195.4,139.6,201.3,448.0,138.9,259.9,381.9,308.3,274.0,266.6,552.0,270.7,183.7,178.2,195.4,178.0,223.1,210.4,249.2,234.7,261.9,211.0,100.1,240.4,199.2,197.3,139.6,210.8,172.3,140.4,273.0,197.4,164.0,132.1,144.3,120.2,143.8,182.4
2012-10-01,108.3,108.3,105.1,,196.4,195.1,135.9,201.8,447.5,138.4,260.8,383.5,312.0,276.9,265.6,553.9,270.8,179.5,180.0,194.8,178.1,223.1,212.1,249.4,235.9,261.9,212.7,100.1,241.5,199.2,198.0,143.9,211.3,172.3,140.6,279.9,199.9,163.4,132.2,143.9,121.2,143.9,183.5
2012-11-01,108.4,108.2,105.3,,194.5,192.6,134.5,201.2,446.1,140.9,259.9,380.6,309.9,276.9,265.1,553.4,271.1,177.4,178.8,194.4,178.0,223.0,212.0,249.4,237.4,262.3,213.6,99.8,240.4,199.3,197.6,144.1,211.4,172.3,140.0,277.7,201.1,165.0,132.1,143.4,123.7,143.4,183.4
2012-12-01,108.4,108.0,105.3,,193.8,191.8,135.5,201.7,441.5,140.1,259.3,374.3,304.3,276.3,261.4,553.8,271.3,179.1,179.3,194.1,177.8,222.5,212.7,249.5,237.9,262.3,213.4,99.9,239.9,199.3,198.1,143.6,211.4,172.4,138.9,276.3,201.0,164.9,132.2,143.6,123.2,143.3,184.4
2013-01-01,108.7,108.3,105.5,,194.9,192.6,134.6,202.0,435.6,140.1,262.8,375.4,303.8,283.1,261.1,571.6,273.2,179.1,179.2,194.4,177.8,222.4,212.9,250.0,239.1,263.5,213.1,99.9,241.3,201.2,200.1,143.4,213.6,173.0,139.7,282.0,203.3,166.2,131.8,143.3,122.9,144.0,185.8
2013-02-01,108.9,108.8,105.7,,196.4,195.2,134.3,202.2,434.1,138.7,264.7,378.7,308.7,287.7,261.5,574.4,273.4,177.6,179.6,194.6,178.2,223.1,214.0,250.5,239.3,263.6,212.7,99.9,241.3,201.2,199.0,143.3,213.9,173.4,139.7,279.8,203.2,169.1,132.4,143.5,122.9,144.0,186.1
2013-03-01,108.9,109.1,106.1,,196.7,194.5,134.4,202.3,433.2,139.4,265.0,383.1,309.0,290.9,265.9,575.0,273.3,176.9,179.7,194.4,178.2,224.7,214.2,250.3,237.9,263.9,213.5,99.9,242.2,201.2,198.6,142.6,214.0,174.8,140.5,287.8,203.4,169.5,132.9,144.5,121.9,144.2,186.2
2013-04-01,108.7,109.0,106.1,,196.0,194.0,134.2,202.6,434.1,139.9,265.3,382.0,315.7,289.4,265.5,574.7,273.5,177.6,176.0,193.0,178.6,224.0,214.5,250.6,238.6,264.0,213.6,99.9,240.6,201.2,198.8,142.4,214.0,175.2,140.8,279.8,205.3,167.0,132.2,144.0,123.2,143.6,184.6
2013-05-01,108.6,108.8,105.7,,196.9,194.0,136.4,202.7,435.0,141.0,265.1,375.8,316.0,287.1,264.7,577.3,274.0,174.9,175.1,193.1,178.2,224.8,214.9,254.8,238.6,263.2,214.3,99.6,241.9,201.2,198.4,141.7,214.1,175.2,140.4,276.6,204.9,164.9,132.2,144.4,122.5,143.7,184.7
2013-06-01,109.0,109.2,106.1,,197.3,193.9,140.2,202.5,437.8,141.0,265.5,372.5,317.5,288.1,258.7,580.0,272.9,175.1,174.2,192.8,178.0,225.2,214.7,251.4,238.9,263.2,214.0,99.6,240.2,201.2,198.9,141.3,214.1,175.3,140.6,286.7,203.9,166.0,132.8,144.1,123.1,143.9,184.8
2013-07-01,109.2,109.5,106.4,,197.3,194.0,140.9,203.0,436.6,142.0,265.2,371.1,317.0,287.1,253.4,587.0,273.9,175.6,172.3,192.6,177.8,224.6,215.7,251.4,239.6,263.2,215.5,99.6,239.2,201.2,199.4,140.7,214.1,175.3,140.3,289.3,203.8,171.1,132.7,144.1,124.8,144.0,185.4
2013-08-01,109.3,109.5,106.4,100.0,197.9,194.6,140.7,202.9,428.6,141.6,263.9,369.9,310.0,288.2,237.0,586.5,271.8,175.3,172.2,192.1,178.4,224.0,216.6,251.7,239.3,263.6,214.7,99.9,240.6,201.1,199.0,140.4,213.6,175.4,140.4,291.1,203.6,170.0,132.9,144.1,124.4,143.5,185.5
2013-09-01,109.3,109.4,106.4,99.9,197.3,194.3,140.8,203.0,427.4,143.2,262.8,375.3,308.3,288.8,235.5,574.5,272.6,174.3,172.5,192.2,178.4,224.7,217.0,255.5,239.4,263.8,215.9,100.0,241.5,201.1,198.0,140.2,213.3,175.4,140.0,274.7,204.2,171.8,132.9,143.4,126.0,143.5,185.8
2013-10-01,109.5,109.7,106.9,100.3,196.9,193.7,137.1,202.8,430.1,142.2,262.3,378.6,308.0,289.2,236.8,575.6,272.9,176.6,171.4,192.2,178.4,224.6,217.9,255.5,239.8,264.1,216.0,100.0,240.9,201.4,198.3,144.8,213.5,175.4,139.8,281.8,204.9,173.0,133.0,143.4,125.5,143.6,187.7
2013-11-01,109.7,109.4,106.8,100.3,196.1,192.7,135.3,202.5,431.4,141.9,261.7,378.0,303.8,291.3,241.7,575.6,272.7,178.9,171.2,192.1,178.8,224.7,217.9,255.0,239.2,264.4,218.2,100.0,240.5,203.1,203.1,145.6,214.7,176.5,140.0,275.3,205.3,168.4,133.0,144.0,124.0,143.8,187.7
2013-12-01,109.8,109.3,106.6,100.5,196.5,193.2,135.9,202.5,433.3,143.7,262.6,374.1,302.1,291.5,242.2,579.8,274.0,180.0,171.0,192.0,179.0,224.6,218.8,255.3,240.3,264.7,217.9,100.1,239.7,203.1,203.4,146.4,214.6,176.5,138.8,291.8,204.8,167.2,133.3,143.8,125.6,143.8,187.6
2014-01-01,110.1,109.7,107.0,100.9,198.1,194.2,138.7,202.4,431.4,145.7,266.5,366.5,307.8,294.7,244.9,604.2,273.6,181.4,172.2,193.1,179.7,225.1,221.1,255.3,242.1,266.8,217.0,100.2,240.1,203.5,204.3,146.8,217.0,177.5,140.8,284.5,206.4,168.3,133.5,144.4,117.6,144.3,188.1
2014-02-01,110.3,110.1,107.4,101.1,198.9,195.2,137.7,202.3,432.4,147.3,267.9,364.9,309.5,297.8,248.3,605.7,273.7,182.1,175.1,193.6,180.3,225.3,222.0,255.4,242.1,268.4,217.3,100.2,240.4,203.7,204.1,146.6,217.3,177.7,142.4,277.9,207.2,171.7,133.5,145.2,119.3,144.4,188.2
2014-03-01,110.7,110.8,107.8,101.3,200.3,196.2,139.7,202.3,430.8,150.1,268.1,367.7,305.7,300.0,251.9,605.1,275.3,180.6,174.2,193.4,180.5,225.8,222.7,255.5,241.9,267.8,220.1,100.2,241.6,200.1,203.3,145.5,217.3,178.5,144.6,290.2,207.5,170.9,134.0,145.7,119.9,144.5,188.2
2014-04-01,110.8,111.0,107.7,101.3,202.1,197.5,139.0,201.6,434.0,151.8,269.9,365.6,313.9,301.1,252.4,604.2,275.7,182.1,175.3,193.8,180.4,225.9,222.9,256.0,242.7,267.5,219.8,100.1,241.1,200.7,203.5,145.2,217.5,178.6,144.8,292.9,208.7,174.8,135.0,146.8,118.3,144.5,188.1
2014-05-01,111.0,111.1,107.9,101.3,201.8,197.2,141.3,202.5,433.3,149.7,269.5,368.0,309.3,300.5,250.0,605.7,275.5,183.3,176.1,195.7,182.6,226.1,221.6,256.1,242.6,267.5,219.4,100.0,241.6,200.0,203.1,144.4,217.3,178.6,145.0,290.4,209.2,177.7,135.7,148.1,119.2,144.6,188.0
2014-06-01,110.9,111.2,107.8,101.5,202.9,197.2,145.6,203.3,432.2,148.3,270.0,370.2,312.1,298.2,247.6,612.2,275.6,183.7,176.3,195.8,181.0,226.3,222.8,260.1,242.7,267.6,219.8,100.0,241.5,199.1,203.4,143.8,217.7,178.2,145.5,298.3,208.8,179.2,135.8,148.4,117.9,144.6,188.0
2014-07-01,111.3,111.6,108.4,101.6,203.0,197.4,146.7,203.5,435.1,148.7,271.1,372.5,312.1,300.2,245.1,616.7,275.8,184.6,179.3,196.5,181.2,226.5,222.8,260.7,242.4,267.7,219.4,100.0,242.7,199.9,203.3,143.6,218.1,178.3,145.1,297.3,209.0,177.2,135.8,148.2,117.6,144.7,187.9
2014-08-01,111.3,111.6,108.4,101.8,202.5,197.4,147.1,204.2,435.2,148.9,271.0,365.1,310.4,302.8,244.4,617.5,275.7,185.2,183.8,197.6,181.2,226.7,223.0,260.8,242.5,267.8,220.8,100.3,243.0,199.4,203.6,143.4,218.3,178.2,145.5,299.4,208.8,176.1,135.8,148.3,119.1,144.7,188.5
2014-09-01,111.1,111.1,108.1,101.6,201.7,196.8,146.6,205.4,435.1,146.4,271.4,362.8,313.6,305.0,242.5,617.1,276.2,185.4,185.1,196.7,181.3,226.9,223.0,260.5,242.1,268.2,222.5,100.3,242.2,199.4,202.9,142.6,218.6,178.3,144.5,282.4,208.4,175.7,135.3,148.3,120.0,144.7,188.6
2014-10-01,111.3,111.4,108.9,101.8,200.4,194.8,143.2,205.7,434.9,148.2,270.4,360.1,307.6,307.1,242.1,621.1,276.0,184.5,182.9,196.0,182.0,226.5,224.6,260.4,242.2,268.0,223.2,100.4,241.4,199.5,202.7,148.0,219.3,178.3,144.9,284.5,207.9,181.3,134.8,147.4,121.2,144.7,187.8
2014-11-01,111.1,110.8,108.6,101.8,198.2,192.7,139.9,206.7,432.0,150.3,267.7,342.8,307.1,303.2,235.5,620.9,275.8,183.1,185.8,196.5,181.7,226.7,224.6,261.3,242.6,268.0,223.4,100.3,240.0,199.5,203.6,147.8,219.5,178.3,145.3,283.5,207.7,179.4,134.7,147.7,120.7,144.7,188.1
2014-12-01,110.8,110.3,108.7,101.8,195.4,189.1,140.5,206.7,432.2,150.0,266.5,325.6,308.2,295.7,231.7,628.8,276.1,180.9,185.9,196.3,187.7,226.4,224.6,261.2,242.6,268.3,224.0,100.3,239.3,199.5,203.2,146.3,219.1,178.3,144.4,287.5,206.8,179.8,134.5,146.4,122.0,144.7,188.2
2015-01-01,110.1,109.7,108.8,101.9,192.2,185.0,142.8,207.8,429.5,150.7,265.1,299.6,299.7,285.4,226.5,645.3,274.9,178.0,182.4,198.0,188.8,226.8,224.8,260.9,245.1,268.4,220.1,100.5,237.2,199.5,205.0,147.8,217.8,179.7,146.1,286.1,206.5,182.4,133.0,144.0,121.5,142.7,188.8
2015-02-01,109.6,109.5,108.5,101.9,192.6,185.4,142.4,208.6,424.4,150.4,264.8,269.4,298.7,280.8,214.5,646.1,274.6,173.0,182.9,198.3,188.7,226.7,225.1,260.8,245.1,267.9,221.0,100.4,234.9,199.9,204.2,149.4,217.8,179.6,147.0,281.6,204.0,183.6,132.1,143.1,121.0,142.8,188.9
2015-03-01,109.8,109.8,108.7,102.0,193.6,186.2,142.2,211.0,422.2,151.3,263.5,282.3,300.6,274.0,211.9,646.2,272.4,169.1,182.4,199.3,188.7,226.5,226.4,261.1,245.0,268.2,223.5,100.5,234.3,199.9,204.2,149.2,218.8,179.6,148.5,288.1,200.5,180.9,132.6,143.3,119.4,142.8,188.9
2015-04-01,109.6,109.8,108.8,102.1,193.1,185.7,141.1,208.3,423.3,150.2,264.4,279.3,302.1,273.2,210.8,645.8,272.6,163.7,180.6,199.3,188.3,226.6,226.8,261.2,245.2,268.1,221.0,100.5,231.1,199.9,202.6,148.7,217.5,179.5,148.6,282.6,201.0,181.4,132.3,143.6,119.2,142.8,189.3
2015-05-01,110.0,110.2,108.7,102.0,196.0,188.2,142.6,208.9,423.3,150.7,265.3,282.3,305.2,274.1,210.2,649.1,272.5,160.2,179.2,199.2,190.5,226.6,227.0,261.2,245.2,269.7,221.6,100.5,231.8,199.9,202.9,148.5,217.8,179.5,148.5,278.5,200.7,186.0,132.9,143.6,121.3,142.7,189.1
2015-06-01,110.3,110.6,109.0,102.3,197.7,188.9,149.3,208.9,420.9,146.4,268.2,290.6,308.8,275.6,214.6,669.5,272.6,159.7,174.4,199.2,190.8,227.1,227.2,261.2,245.2,269.6,218.9,100.5,231.3,200.1,202.8,148.1,216.9,179.6,148.1,285.5,200.1,186.6,133.0,144.7,120.6,142.7,189.1
2015-07-01,110.5,110.8,109.3,102.5,197.4,188.5,150.0,208.6,417.5,150.6,267.3,290.2,306.2,273.8,218.8,669.9,272.9,159.0,171.3,199.1,190.2,226.8,227.5,261.2,245.2,267.5,222.9,100.4,230.9,198.0,203.0,148.5,218.4,179.5,147.7,285.2,200.5,186.0,132.9,144.5,118.9,143.1,189.2
2015-08-01,110.3,110.5,109.1,102.4,196.3,187.0,149.8,206.3,421.4,154.0,266.5,283.3,307.4,270.7,217.3,670.4,272.3,157.4,169.2,198.5,190.3,226.8,227.3,261.1,245.3,267.4,220.4,100.4,230.1,198.4,202.4,147.4,217.5,179.6,146.8,277.8,199.4,185.9,132.2,143.7,119.9,143.1,189.8
2015-09-01,109.9,109.9,108.9,102.1,193.4,184.3,148.9,207.1,418.7,150.5,264.5,286.8,300.7,264.5,218.2,670.8,271.6,155.1,168.3,198.3,190.9,226.7,227.3,260.1,245.4,267.2,221.1,100.6,228.2,199.2,201.4,147.2,218.4,179.9,146.8,264.2,198.5,187.4,131.8,143.3,118.4,143.0,189.7
2015-10-01,109.6,109.8,109.1,102.2,192.4,183.7,143.2,206.1,413.7,150.9,263.2,285.8,299.4,261.4,215.7,670.8,271.2,151.6,168.2,198.4,191.3,226.9,228.5,260.1,245.4,267.2,221.0,100.7,225.4,198.7,200.8,150.7,218.4,180.1,147.4,270.2,197.1,189.5,131.4,143.1,117.8,143.1,190.1
2015-11-01,109.7,109.4,108.9,102.0,191.6,182.9,140.6,207.1,412.7,150.9,262.6,286.1,298.2,260.2,212.3,671.1,271.4,146.0,165.7,198.5,191.0,226.4,228.5,260.1,245.5,266.9,220.7,100.7,223.9,198.9,200.6,150.6,220.6,180.3,147.0,266.7,197.0,188.1,132.1,143.3,118.8,143.2,190.2
2015-12-01,109.6,109.1,108.9,102.1,190.1,180.8,141.0,205.3,410.0,151.0,262.6,282.3,296.7,261.2,209.6,674.3,271.2,142.1,165.4,198.7,190.7,226.4,228.5,260.3,245.5,266.9,221.3,100.8,223.1,199.5,200.0,150.5,220.7,180.9,145.2,262.7,197.1,193.8,131.7,142.0,118.7,143.2,190.3
2016-01-01,110.0,109.7,109.7,102.7,189.9,179.7,139.9,203.5,415.5,151.6,264.9,270.9,292.7,256.7,206.8,703.6,270.9,139.7,165.6,198.8,191.0,225.5,228.1,260.8,246.9,266.9,220.6,100.7,223.1,199.9,198.5,149.9,222.6,181.7,146.0,271.8,195.2,193.0,131.8,140.5,117.7,143.0,190.6
2016-02-01,109.7,109.6,109.9,102.8,188.8,178.7,138.9,204.4,410.8,158.2,264.4,265.7,290.9,255.4,203.8,705.9,271.6,138.6,165.0,198.1,191.1,224.7,228.1,260.8,247.0,266.7,220.8,100.6,226.4,198.7,197.9,150.2,222.7,181.8,146.2,269.5,193.8,191.5,131.3,138.9,118.2,143.2,190.7
2016-03-01,109.7,109.7,109.9,102.9,189.2,179.3,140.4,203.5,407.0,152.0,264.8,267.4,293.7,254.3,203.0,706.0,270.6,138.7,165.5,198.3,191.6,224.7,231.2,260.6,246.7,266.7,221.0,100.6,227.7,198.9,198.1,149.8,222.4,182.2,146.8,278.6,193.2,191.9,131.0,138.7,118.5,143.1,190.8
2016-04-01,109.9,110.0,110.0,103.1,190.3,180.5,138.8,203.2,403.6,151.6,266.0,271.7,296.5,254.0,205.6,706.9,271.5,142.7,164.6,198.1,191.3,224.5,231.6,260.6,246.8,266.4,220.0,100.6,228.6,198.5,198.4,149.6,221.8,182.2,147.0,273.2,193.6,193.6,131.3,139.2,117.5,143.2,190.8
2016-05-01,110.1,110.2,110.0,103.0,191.7,181.9,140.6,203.7,405.2,151.9,266.3,274.2,296.2,257.2,208.6,707.3,270.8,148.1,166.1,198.6,191.2,224.4,231.2,260.6,247.1,266.4,220.2,100.6,228.5,199.2,198.3,149.7,222.0,182.2,145.6,262.7,194.2,195.0,131.3,138.3,119.9,143.2,191.0
2016-06-01,110.6,110.8,110.3,103.3,193.8,183.6,146.0,203.9,405.7,155.1,268.1,281.9,296.1,260.1,210.9,715.6,271.3,151.6,166.2,198.4,191.1,224.1,232.0,260.5,247.2,266.4,221.6,101.0,228.5,199.1,198.4,149.8,222.3,182.2,146.0,275.7,195.2,193.9,131.0,138.1,119.9,143.1,191.2
2016-07-01,110.5,110.8,110.3,103.5,193.5,183.4,147.5,204.7,406.7,154.9,267.7,286.1,294.3,259.9,210.7,716.8,271.3,154.6,167.3,198.5,191.0,223.8,231.9,261.1,247.3,266.4,221.8,101.1,228.4,199.8,197.9,148.5,222.5,182.4,146.3,279.3,196.1,193.8,131.3,138.5,119.1,143.2,191.8
2016-08-01,110.3,110.5,110.2,103.6,192.6,182.5,147.9,206.0,409.6,156.2,267.7,,293.4,259.5,210.0,719.7,270.9,157.6,167.3,199.6,190.8,223.6,231.9,261.2,247.3,265.2,220.8,101.1,228.1,201.0,198.0,147.7,222.3,181.8,145.1,274.0,196.4,191.7,131.2,138.5,118.4,143.4,192.3
2016-09-01,110.6,110.6,110.2,103.4,193.2,183.0,148.3,207.0,410.0,164.4,268.2,,296.1,260.7,213.1,720.6,270.8,156.0,166.6,199.9,190.9,223.6,232.0,260.9,247.2,265.2,220.5,101.1,227.9,200.3,197.7,147.6,222.3,181.8,145.7,254.4,197.3,192.5,130.9,139.0,118.1,143.3,192.3
2016-10-01,110.9,111.0,110.7,103.7,193.7,183.7,143.2,206.6,411.6,163.7,269.0,288.3,299.2,263.3,215.7,722.0,270.9,154.0,167.6,199.9,190.5,223.6,232.8,261.0,247.3,265.2,220.6,101.1,228.1,200.6,197.5,152.7,222.4,181.9,145.4,262.9,197.1,191.7,131.8,139.9,117.5,143.4,193.6
2016-11-01,111.1,110.8,110.7,103.8,192.4,183.2,141.3,208.2,412.1,162.9,269.3,288.4,300.0,262.2,220.2,722.1,270.9,153.5,170.1,200.0,191.1,223.5,233.5,261.3,247.1,265.7,220.4,101.2,228.6,199.4,196.5,152.4,222.4,181.9,145.1,266.2,197.7,191.9,132.0,140.0,117.3,143.5,193.6
2016-12-01,111.4,111.0,110.7,103.9,193.7,183.9,141.4,208.9,411.2,162.4,268.8,298.7,301.4,258.1,220.2,723.0,270.8,155.4,172.7,200.2,192.9,223.3,233.0,261.0,247.1,265.7,219.9,101.4,230.2,199.6,196.8,153.4,222.4,182.2,145.3,276.3,198.6,192.4,132.2,140.1,118.4,143.5,193.5
2017-01-01,111.9,111.6,111.2,104.4,195.4,185.6,144.4,208.7,410.4,163.7,272.8,300.5,307.3,260.1,225.9,748.1,271.8,159.6,172.6,200.2,194.6,223.5,233.2,261.0,247.8,265.3,218.7,101.5,231.5,198.9,197.4,152.6,222.9,182.3,145.5,277.3,199.8,193.2,132.5,140.3,117.8,143.7,194.1
2017-02-01,111.9,111.8,111.3,104.6,196.0,186.2,145.9,207.8,410.2,163.6,274.9,304.6,313.8,265.1,247.3,748.1,272.3,163.4,176.4,200.8,194.6,224.2,234.0,261.1,247.5,265.4,214.0,101.6,232.3,199.0,197.4,152.3,223.0,182.1,146.0,277.3,200.8,193.8,132.8,140.6,117.6,143.8,193.9
2017-03-01,112.1,112.1,111.6,104.8,196.3,186.7,146.3,207.9,412.3,163.2,276.1,311.6,319.7,269.2,261.9,748.1,271.8,166.1,178.8,201.0,193.6,223.8,235.3,263.2,247.9,265.4,213.6,101.5,233.1,200.7,197.4,152.9,223.1,182.1,147.2,272.6,201.7,195.4,132.6,139.9,117.6,143.9,193.9
2017-04-01,112.6,112.7,112.1,105.2,198.0,187.6,145.0,209.0,416.9,162.7,277.2,311.4,321.8,273.8,256.6,748.1,272.8,167.3,181.3,201.1,194.0,224.2,235.2,263.2,247.5,265.5,213.1,101.3,235.5,200.5,197.6,152.8,223.7,182.2,147.7,279.3,201.8,195.9,132.8,140.1,117.6,144.0,194.2
2017-05-01,112.5,112.7,112.2,105.2,197.0,187.3,148.1,208.8,417.7,162.5,276.7,305.7,321.6,274.1,235.3,751.1,272.4,170.3,181.4,201.3,194.6,224.5,235.7,263.2,248.3,265.4,213.4,101.3,235.9,200.3,197.9,151.2,223.7,182.2,148.7,270.4,202.1,193.9,133.2,139.7,118.5,144.0,194.2
2017-06-01,112.6,112.9,112.3,105.5,197.8,187.6,152.8,208.8,418.5,162.2,277.5,303.6,315.6,272.9,231.7,758.6,273.5,171.5,180.5,201.7,195.2,225.2,235.4,263.5,248.3,265.4,216.7,101.3,234.7,200.4,197.5,151.2,223.6,181.9,147.1,281.1,202.3,194.2,133.3,139.9,117.7,144.0,194.5
2017-07-01,112.7,113.0,112.4,105.6,197.6,187.3,154.0,208.5,420.9,162.2,276.9,301.2,315.9,270.3,218.5,760.1,274.9,175.2,178.7,202.2,195.7,224.9,236.2,264.0,248.6,265.1,215.0,101.1,234.1,200.3,197.8,150.1,223.6,181.9,147.2,275.3,202.3,193.1,133.7,139.9,117.6,144.1,194.8
2017-08-01,113.1,113.2,112.6,105.6,198.4,188.4,153.7,208.7,419.4,169.2,277.5,306.6,321.4,269.9,213.4,759.6,275.1,168.6,181.5,202.2,194.2,224.4,236.6,264.0,248.7,265.1,215.1,101.3,233.6,200.3,198.1,149.8,223.6,181.9,146.7,268.5,202.2,193.1,134.8,142.1,118.3,144.1,195.1
2017-09-01,113.5,113.5,112.6,105.6,199.6,189.6,152.7,208.3,422.4,169.1,277.6,305.5,324.9,272.6,213.9,753.5,275.5,171.0,185.3,202.3,195.1,224.8,236.2,263.7,248.8,265.0,215.1,101.6,233.7,201.2,198.7,149.8,225.0,180.7,148.1,262.6,202.8,196.9,135.9,142.7,121.4,144.1,195.1
2017-10-01,113.9,114.1,113.4,106.2,199.4,190.2,148.7,208.7,421.3,169.0,280.2,313.9,323.2,277.2,219.7,766.6,275.4,169.3,188.7,202.2,195.7,225.3,237.8,264.2,248.8,265.9,214.3,101.7,236.7,200.4,197.5,153.5,225.8,181.1,148.0,274.9,205.0,194.9,135.8,143.0,122.0,144.1,197.8
2017-11-01,114.3,114.1,113.3,106.3,200.4,191.2,146.2,210.1,419.5,169.0,281.2,314.6,329.9,278.8,216.5,765.5,276.4,167.3,189.3,202.2,196.0,226.2,237.4,264.3,249.3,265.8,209.1,101.7,237.3,201.4,197.6,154.3,225.5,181.1,147.3,278.2,206.2,193.0,137.0,145.2,121.7,143.5,197.8
2017-12-01,114.4,113.8,113.1,106.3,199.9,191.3,146.4,209.0,428.6,169.1,282.5,319.4,328.8,280.3,213.2,765.4,277.4,168.3,187.9,202.2,195.5,225.9,237.3,264.5,249.4,265.8,204.5,101.8,236.6,201.7,197.5,154.3,225.5,181.2,147.1,266.4,207.0,190.3,137.9,147.4,121.9,143.5,197.8
2018-01-01,114.8,114.5,113.7,107.0,201.0,192.6,148.4,209.4,428.1,169.0,284.7,333.4,329.7,275.1,216.6,783.3,278.1,169.3,190.4,202.5,196.1,227.5,237.8,265.2,245.1,267.4,202.9,102.0,237.6,202.5,198.3,153.3,226.9,181.8,147.0,265.6,208.2,195.0,138.7,148.3,123.0,144.3,198.9
2018-02-01,115.1,114.9,114.1,107.4,201.3,193.5,149.8,210.2,430.7,169.8,286.4,345.0,327.8,278.0,218.1,782.9,278.5,174.6,193.4,204.2,196.3,227.1,238.7,265.8,245.4,267.3,206.7,102.3,240.6,203.0,199.3,152.9,227.5,182.1,148.4,271.7,208.9,199.8,139.5,149.4,123.9,144.3,199.3
2018-03-01,115.4,115.4,114.6,107.8,202.1,194.0,148.0,208.9,436.2,170.1,288.6,344.5,337.0,282.7,228.0,783.0,278.8,177.7,199.3,206.3,196.3,226.6,244.1,271.2,245.7,267.5,211.2,103.8,240.9,204.5,200.2,152.9,227.6,182.9,151.6,283.4,211.0,199.9,139.6,149.5,122.7,144.7,199.2
2018-04-01,115.5,115.7,114.8,107.9,202.8,195.3,146.7,208.9,441.8,168.8,288.4,346.8,337.4,280.7,233.4,780.8,281.7,182.0,202.6,205.7,197.0,227.9,244.7,271.3,245.9,267.5,211.1,105.1,243.5,204.7,200.2,152.5,227.8,183.2,151.7,284.7,212.3,197.2,140.1,149.8,121.4,144.7,199.5
2018-05-01,115.9,116.2,114.9,108.0,205.0,197.7,149.2,210.4,445.8,168.4,289.9,344.2,340.2,285.1,238.1,782.0,284.5,188.9,212.6,212.5,197.6,231.0,244.7,271.4,246.2,267.5,210.4,105.1,243.5,204.4,200.5,152.5,227.7,183.2,150.9,277.0,213.0,202.4,141.5,151.2,120.9,144.8,199.6
2018-06-01,116.3,116.6,115.3,108.4,205.9,198.4,155.1,211.4,449.6,168.7,290.8,354.7,339.3,288.0,242.3,784.7,284.3,192.9,216.9,212.7,198.9,231.8,245.4,272.4,246.7,267.3,210.4,105.1,245.7,204.8,200.5,152.7,227.7,183.6,150.6,285.4,214.3,201.5,143.4,152.6,121.4,145.1,199.6
2018-07-01,116.4,116.8,115.5,108.8,206.0,198.5,155.6,210.8,454.5,168.7,291.2,368.6,341.3,289.0,240.4,790.3,284.7,196.5,208.1,213.4,200.1,236.4,245.4,272.5,247.9,267.4,210.5,109.3,249.5,205.1,201.3,152.2,227.6,183.8,151.4,284.1,214.7,199.2,144.3,154.0,122.0,145.3,200.0
2018-08-01,116.5,116.6,115.5,108.8,205.8,198.6,154.9,211.7,457.2,168.6,292.2,377.5,341.5,292.6,243.9,787.2,285.3,200.4,207.8,214.8,200.3,241.1,245.8,273.0,256.6,268.5,211.7,109.3,250.1,205.1,200.7,152.1,227.6,183.8,150.6,276.8,215.4,202.0,144.6,154.9,120.9,145.5,200.3
2018-09-01,116.7,116.6,115.5,108.9,205.9,198.9,154.0,211.5,457.2,169.0,291.6,376.8,342.2,290.4,245.1,788.4,285.6,203.5,205.9,214.8,201.7,241.4,249.3,273.6,257.5,269.0,211.8,128.3,249.8,205.9,200.2,152.4,227.6,184.4,151.5,275.9,217.6,199.5,145.5,156.6,121.3,145.5,200.4
2018-10-01,117.5,117.6,116.5,109.4,206.7,200.4,150.0,211.5,458.4,168.7,292.5,381.4,343.7,291.4,246.4,790.5,287.1,202.2,205.9,218.0,203.4,241.1,251.2,278.2,257.5,269.0,214.7,128.3,249.7,205.3,200.9,155.3,227.6,184.3,150.7,287.3,217.9,207.4,146.8,158.1,121.7,145.6,201.9
2018-11-01,117.3,117.1,116.4,109.4,204.4,198.4,146.9,212.8,457.6,170.0,293.1,377.7,344.0,286.8,239.2,792.0,291.2,205.2,202.3,219.1,203.0,241.7,251.7,278.2,257.8,269.0,216.0,128.2,250.1,205.6,201.0,155.2,228.3,184.5,150.5,294.1,218.7,201.5,146.9,158.5,122.0,145.6,201.8
2018-12-01,117.3,116.8,116.4,109.3,202.5,195.2,148.5,213.1,459.0,170.2,292.5,380.2,342.5,282.2,231.0,796.4,290.8,203.9,201.9,219.2,203.3,243.4,252.4,275.4,257.9,268.9,218.4,128.2,250.2,206.2,201.5,155.0,228.6,184.6,151.4,290.4,219.0,198.3,146.9,158.6,122.2,145.6,201.8
2019-01-01,117.0,116.7,116.6,109.8,201.8,194.3,149.2,212.3,459.8,187.0,293.7,382.1,335.4,276.5,228.9,809.1,291.8,201.7,201.5,219.6,204.5,244.0,252.9,276.0,260.6,269.3,218.9,128.4,249.9,208.2,201.1,154.8,230.2,185.0,154.0,293.8,218.8,198.2,147.1,156.5,122.6,145.6,202.7
2019-02-01,117.3,117.1,116.9,110.0,202.4,195.4,148.2,211.6,459.4,184.1,293.4,385.3,328.0,275.8,228.8,810.6,295.2,195.3,201.0,219.3,204.5,246.6,253.2,277.8,261.0,272.1,220.3,128.5,249.7,208.2,202.3,154.5,230.5,185.6,154.2,283.3,218.7,204.5,146.6,154.8,122.4,145.5,203.0
2019-03-01,117.7,117.7,117.2,110.2,204.9,197.4,148.7,212.1,456.3,193.2,293.3,379.7,328.1,273.9,228.6,810.8,295.1,195.7,201.3,220.2,204.4,247.2,254.5,284.9,261.0,272.1,220.4,128.7,252.0,210.1,202.9,153.7,230.8,185.6,156.3,289.0,218.4,206.2,146.3,154.2,121.7,145.6,202.8
2019-04-01,118.3,118.5,117.7,110.5,207.1,199.2,147.9,211.2,455.3,192.5,293.3,387.3,330.3,273.9,230.7,811.3,294.1,191.8,203.0,217.8,205.5,247.6,255.3,284.9,261.2,272.1,221.0,128.7,251.4,210.1,203.3,153.4,230.9,185.7,157.8,295.2,220.5,205.5,145.8,153.7,120.7,146.2,203.6
2019-05-01,118.4,118.6,117.7,110.6,207.6,199.1,149.8,210.4,456.9,193.2,292.1,396.9,323.0,275.7,230.6,810.5,297.7,189.3,200.6,217.7,205.5,247.9,255.2,284.9,261.6,272.1,221.9,128.9,252.1,210.2,204.2,153.2,231.0,185.8,156.6,291.4,221.4,204.3,146.8,152.6,121.2,146.3,203.2
2019-06-01,118.2,118.5,117.8,110.7,206.9,197.0,155.6,211.1,465.0,196.3,292.4,396.2,321.3,273.2,228.0,809.7,297.9,184.6,199.1,217.6,205.5,248.0,255.9,284.9,261.7,272.3,222.3,129.1,251.7,210.3,203.9,153.0,231.0,185.9,157.3,298.1,221.6,204.7,147.1,154.0,121.5,146.3,203.4
2019-07-01,118.4,118.7,118.0,110.9,207.4,197.5,155.7,210.7,465.4,195.8,292.8,395.0,322.2,272.7,225.9,813.1,298.1,178.8,199.0,217.8,205.7,247.7,255.9,284.9,261.8,272.3,222.7,129.2,252.8,211.1,204.2,152.6,231.0,185.9,157.3,301.3,221.7,202.7,146.4,153.3,121.2,146.7,203.7
2019-08-01,118.6,118.8,118.2,110.9,206.4,196.4,155.7,211.7,466.2,198.0,291.3,392.0,320.2,273.1,223.1,813.0,297.8,175.5,193.2,217.6,205.8,248.0,255.5,285.1,261.9,272.3,223.3,129.5,251.6,212.1,203.5,152.0,231.0,186.6,157.7,290.8,221.3,203.4,146.3,152.6,120.9,146.8,204.2
2019-09-01,118.3,118.3,117.8,110.7,205.7,195.9,155.0,212.0,465.9,201.4,290.6,381.2,319.9,273.3,222.7,813.1,298.4,174.2,192.7,217.4,206.0,248.2,255.7,285.5,263.2,272.3,223.7,129.7,252.3,214.7,203.2,151.7,231.0,186.6,158.2,279.7,221.0,205.2,146.0,153.5,120.8,146.6,204.2
2019-10-01,118.7,118.8,118.4,111.0,206.3,196.6,147.5,212.4,467.1,199.4,291.7,375.8,319.6,273.8,221.9,810.0,298.2,171.9,191.5,217.4,206.0,248.5,256.4,287.3,263.1,270.0,223.2,129.7,252.2,214.8,203.0,154.6,231.9,186.9,157.6,293.3,221.5,205.7,146.2,154.0,120.7,146.6,206.3
2019-11-01,118.5,118.3,117.8,110.9,206.4,196.5,146.0,212.9,467.4,191.6,290.8,363.4,318.3,271.2,220.1,810.0,298.8,167.0,188.3,217.4,206.1,248.9,256.9,287.2,263.9,270.0,223.8,129.7,254.0,214.8,203.1,155.1,231.9,187.9,157.8,287.7,221.6,206.5,147.7,154.3,120.6,146.6,206.3
2019-12-01,118.9,118.4,117.9,110.9,206.0,196.4,145.7,212.4,467.9,195.8,289.4,368.3,312.0,266.1,216.1,811.9,299.1,163.7,188.8,217.4,207.9,248.4,256.9,289.5,264.3,270.0,224.9,129.5,256.1,214.8,204.1,154.5,231.8,188.0,157.2,307.9,221.8,205.0,147.5,155.2,120.7,147.1,205.6
2020-01-01,119.3,119.0,118.5,111.5,206.8,196.6,146.7,215.6,468.3,194.5,291.0,358.6,320.1,265.7,219.7,825.0,300.4,163.6,190.4,217.6,207.8,250.7,257.6,289.5,266.2,268.8,226.2,130.7,255.5,217.2,203.4,152.9,232.4,189.1,158.6,294.6,223.1,209.4,146.9,152.9,120.9,147.4,207.3
2020-02-01,118.6,118.4,118.3,111.5,205.0,195.1,145.5,214.7,468.7,191.3,291.5,366.3,317.7,269.6,221.9,827.7,300.5,163.9,183.0,217.7,208.0,250.4,257.8,289.4,266.6,268.9,226.8,130.8,256.2,219.6,203.3,153.6,232.5,189.2,159.7,288.8,223.2,213.1,146.7,152.6,120.7,147.5,207.6
2020-03-01,118.1,118.1,118.5,111.3,201.8,192.3,145.3,215.2,467.9,186.5,290.4,375.2,315.2,268.6,218.8,825.8,299.5,165.4,181.4,217.4,209.2,250.5,259.5,289.8,266.6,268.9,227.2,130.3,255.3,218.4,203.2,152.0,232.3,189.2,160.7,265.7,222.7,217.3,145.7,148.7,121.0,147.5,207.6
2020-04-01,116.6,116.7,118.1,110.4,196.1,186.1,144.2,215.3,467.5,185.7,286.8,364.2,304.3,255.8,208.0,825.6,302.4,164.6,170.3,217.3,209.1,251.5,261.6,289.9,266.8,269.5,227.2,130.3,253.1,218.4,203.7,153.0,232.4,189.7,155.2,237.2,221.7,219.2,143.7,146.8,119.9,147.6,208.2
2020-05-01,117.2,117.3,118.0,110.4,200.9,188.9,145.7,217.5,465.2,184.0,284.3,355.0,300.7,249.0,202.8,824.5,302.9,160.6,164.4,217.3,209.3,252.1,261.5,290.0,266.8,269.5,227.7,130.6,251.6,218.4,203.3,152.4,233.0,190.7,159.0,258.4,219.9,215.1,140.6,145.0,119.8,148.1,209.6
2020-06-01,117.5,117.7,118.2,110.8,202.2,190.2,153.1,217.1,464.7,180.0,285.1,346.3,305.1,251.1,200.7,823.9,303.1,159.9,162.4,217.3,209.2,252.1,261.5,289.6,266.8,269.5,229.3,130.6,252.1,218.9,204.0,152.0,233.5,190.7,165.2,275.4,218.6,208.9,142.1,146.3,119.7,148.1,210.1
2020-07-01,118.2,118.4,118.7,111.2,203.3,192.3,153.9,217.3,462.0,177.1,286.4,346.6,305.3,254.5,200.0,824.7,303.8,158.9,164.2,217.4,209.3,252.1,260.8,289.6,266.7,269.5,229.8,130.8,254.7,220.6,205.1,152.1,233.3,190.7,169.5,254.2,218.4,214.5,145.0,149.0,118.5,148.2,211.2
2020-08-01,118.4,118.5,118.8,111.3,203.2,193.0,154.6,216.8,462.7,177.2,287.7,347.3,306.2,261.2,201.0,824.1,303.7,156.3,168.1,217.2,209.4,252.4,261.0,290.5,266.7,269.5,229.3,130.8,255.6,218.4,205.8,152.3,233.3,190.8,170.7,235.8,219.4,216.1,145.4,153.0,118.5,148.5,212.5
2020-09-01,118.7,118.7,119.0,111.6,203.3,192.9,156.4,219.0,462.9,177.7,288.2,355.0,304.9,262.3,203.5,820.3,303.9,155.7,174.8,217.2,209.2,252.5,261.2,290.2,266.7,269.5,229.6,130.8,256.0,218.8,206.2,152.3,234.4,190.8,172.1,236.4,219.9,208.9,146.0,154.0,117.7,148.5,212.5
2020-10-01,119.4,119.5,119.8,112.0,203.8,193.7,148.4,219.1,462.8,180.1,290.7,356.8,304.3,272.2,207.4,820.7,303.5,158.2,173.6,217.3,209.3,251.9,262.4,290.6,266.9,270.3,229.9,130.8,256.9,219.3,206.8,154.3,234.1,190.9,173.8,250.5,220.1,213.8,148.4,157.1,117.1,148.4,213.5
2020-11-01,119.4,119.3,119.6,112.0,203.8,194.5,148.2,220.2,464.7,177.8,292.0,364.9,307.8,273.6,210.8,820.9,303.1,161.7,174.4,217.3,209.6,251.5,262.3,291.4,266.9,270.3,230.5,131.2,258.1,220.4,206.9,154.9,234.0,190.9,173.6,238.7,220.4,211.9,150.0,162.0,117.2,148.4,213.4
2020-12-01,119.8,119.4,119.5,112.3,204.4,196.7,147.7,220.0,464.3,188.0,293.8,366.1,311.9,279.1,217.1,820.3,302.6,171.6,181.1,217.3,209.6,253.0,262.9,291.6,267.4,270.3,230.9,131.4,258.8,221.1,206.7,155.5,234.1,190.9,171.1,228.7,221.4,208.8,151.0,164.8,117.1,148.3,213.3
2021-01-01,121.2,120.9,120.8,113.6,207.6,199.6,148.6,220.8,467.2,187.6,298.7,370.2,316.8,287.5,219.5,832.6,304.1,181.5,185.2,216.4,210.3,254.6,264.1,291.9,271.3,270.3,231.2,134.4,262.0,221.5,207.1,156.0,235.5,191.4,171.8,226.5,223.2,213.2,151.8,162.5,117.0,152.1,215.0
2021-02-01,122.1,121.9,121.4,114.1,210.1,203.1,150.2,221.1,468.9,186.8,303.2,379.8,318.7,300.4,216.5,833.8,310.1,200.8,188.3,221.5,215.3,256.5,264.4,294.1,271.9,270.1,231.7,134.4,263.0,222.9,207.2,155.8,235.8,191.1,172.4,220.3,224.4,213.1,154.5,168.4,118.8,152.9,217.0
2021-03-01,122.9,123.0,122.1,114.8,213.8,207.9,154.9,220.4,478.7,184.2,309.5,392.7,324.6,326.7,219.1,835.1,311.1,232.5,191.4,224.0,215.3,262.7,265.9,296.1,272.2,270.1,232.1,137.3,269.6,223.0,211.4,155.4,235.8,191.7,177.5,232.8,226.8,213.9,157.4,170.4,119.7,153.1,217.1
2021-04-01,124.1,124.3,123.5,115.7,215.1,210.1,150.7,220.5,489.8,184.1,314.5,399.9,338.6,342.8,227.4,834.1,315.4,271.8,202.7,228.7,216.1,264.7,266.6,296.2,272.4,270.1,232.4,138.0,274.1,225.4,212.4,155.7,235.8,192.2,187.6,259.7,228.4,216.7,159.9,176.3,119.7,153.4,217.1
2021-05-01,125.3,125.5,124.3,116.2,218.4,215.1,152.6,221.6,490.9,184.8,320.6,417.9,350.0,350.3,234.6,835.3,318.0,281.7,207.8,230.8,219.4,270.1,267.2,297.6,273.6,270.1,234.6,138.3,285.6,226.2,213.8,156.7,236.1,192.1,199.9,249.1,230.3,211.2,162.6,178.7,121.4,153.4,217.4
2021-06-01,126.3,126.6,125.1,117.0,221.8,217.9,161.8,220.8,493.6,188.2,324.7,440.9,350.2,362.9,241.6,835.5,321.0,299.8,216.7,240.6,229.0,273.4,267.9,297.5,277.0,273.8,234.3,138.8,302.7,227.1,215.1,157.5,236.0,192.2,207.0,266.2,231.0,211.4,163.4,178.7,121.4,153.4,216.4
2021-07-01,127.459,127.824,126.290,117.905,223.455,219.492,164.738,221.476,501.212,192.806,327.081,447.089,353.511,371.402,250.102,832.630,330.302,327.783,217.045,246.152,230.936,281.984,269.799,306.815,277.356,275.043,234.592,139.320,304.644,231.543,219.716,157.860,238.650,192.220,209.468,283.852,232.410,210.333,163.969,184.218,121.512,153.575,217.250
2021-08-01,128.564,128.755,127.190,118.238,224.950,220.114,166.524,223.595,508.391,197.042,330.525,455.444,361.328,376.960,265.421,832.981,335.112,345.660,225.198,254.139,232.786,289.739,271.635,308.154,278.263,275.621,234.351,139.480,304.955,233.567,220.424,158.190,237.739,192.221,210.996,280.327,233.491,216.455,166.080,186.702,121.534,153.577,217.565
2021-09-01,129.167,129.116,127.354,118.362,227.240,221.869,167.066,226.606,509.515,196.474,331.361,466.885,364.441,377.061,272.231,833.120,340.122,362.257,232.194,255.213,237.799,295.911,272.864,309.843,279.552,275.623,236.167,140.332,315.880,239.981,222.291,158.147,237.952,192.458,215.655,247.423,234.583,217.862,168.530,191.037,121.642,153.944,217.661
2021-10-01,130.025,130.097,128.180,118.991,229.686,225.478,165.560,228.935,527.871,191.382,335.868,476.385,370.236,379.449,272.928,834.219,343.912,376.255,242.255,259.755,254.735,296.582,275.925,309.944,289.054,277.234,236.761,140.927,324.406,240.407,223.519,159.507,238.212,193.060,221.663,256.859,236.297,220.918,171.823,198.353,122.168,154.047,218.002
2021-11-01,131.264,131.090,129.175,119.825,230.962,227.109,165.389,229.060,527.774,211.896,338.561,493.991,376.283,375.398,268.645,834.223,346.554,385.805,247.459,265.282,258.119,299.803,277.141,312.065,290.326,278.296,237.086,141.261,340.584,241.329,224.682,159.730,238.223,193.183,224.606,270.593,237.879,220.922,177.063,204.992,122.623,154.443,218.123
2021-12-01,131.999,131.344,129.843,120.205,229.449,226.470,163.067,231.726,528.583,220.228,339.393,554.383,374.389,367.883,259.801,834.464,349.824,386.667,229.373,271.238,259.553,301.488,280.423,310.641,292.563,278.941,237.669,142.028,347.710,243.468,226.689,159.847,239.693,193.483,226.100,283.396,238.886,222.520,179.575,205.897,122.990,154.642,218.399
2022-01-01,133.538,133.074,131.197,121.418,233.941,231.495,166.733,235.252,532.807,220.241,343.585,545.341,390.952,357.296,262.010,844.730,370.526,388.598,237.207,273.783,260.718,303.399,283.324,311.220,293.518,285.230,239.967,142.432,356.302,245.192,229.298,160.201,241.816,194.793,222.754,263.152,240.995,230.005,185.887,209.094,123.473,154.244,221.433
2022-02-01,134.957,134.581,132.152,121.788,238.956,237.245,171.577,237.627,534.905,225.178,347.303,619.201,397.997,357.647,261.905,847.869,372.885,354.113,257.310,278.514,262.022,309.720,287.476,316.245,293.693,285.339,239.237,142.531,357.549,259.861,230.351,161.186,242.320,194.839,229.853,263.367,241.782,228.134,190.459,214.128,125.244,154.312,221.527
2022-03-01,137.241,137.341,133.956,122.979,246.495,245.404,170.235,240.264,541.179,230.886,351.652,632.158,405.464,357.628,263.846,849.404,378.471,334.586,256.517,282.844,262.894,315.897,290.482,321.859,294.221,285.584,241.803,142.611,377.648,261.389,230.696,161.190,246.218,194.748,229.713,304.352,243.482,231.112,198.150,224.224,125.917,154.261,221.564
2022-04-01,137.954,138.179,134.562,123.521,248.781,249.560,171.794,245.196,566.067,231.238,359.478,666.451,412.978,370.660,272.806,850.476,398.355,346.061,259.851,285.359,263.091,322.652,294.860,321.786,302.832,285.584,247.439,142.651,389.471,263.099,232.401,162.807,249.688,194.746,231.387,321.894,249.784,234.689,200.798,226.516,126.502,154.010,220.949
2022-05-01,139.072,139.419,135.015,124.044,255.183,256.396,177.688,251.257,565.297,234.718,363.747,665.605,423.077,377.211,274.221,851.481,400.966,381.294,252.432,290.581,264.217,324.536,304.143,324.241,304.699,288.584,247.693,142.815,393.377,265.093,233.456,163.481,250.151,194.492,235.430,325.303,254.679,238.946,203.759,232.534,128.307,153.988,221.764
2022-06-01,140.503,140.962,135.635,124.531,262.433,262.427,192.079,253.123,600.159,235.122,368.125,685.644,429.417,380.764,279.730,863.931,405.927,377.009,237.494,293.483,264.268,325.576,304.633,334.070,305.902,289.708,248.535,143.931,407.819,274.339,233.945,164.044,251.246,194.783,237.083,352.893,255.971,247.044,202.669,224.582,129.392,153.988,223.330
2022-07-01,139.923,140.412,136.033,124.710,257.763,256.731,191.957,263.361,617.613,237.975,367.740,699.025,439.600,373.572,290.752,866.381,413.533,361.575,227.524,296.846,267.238,341.904,304.844,340.756,308.222,289.830,248.312,144.482,411.608,278.180,235.184,164.597,252.089,194.892,234.260,337.937,258.974,242.582,201.591,222.373,129.184,154.147,224.301
2022-08-01,139.669,139.910,136.325,124.867,253.701,251.419,213.886,265.646,620.629,235.887,365.322,690.509,437.630,361.146,291.066,868.460,414.899,340.054,212.739,299.637,269.745,343.420,311.168,340.729,316.707,289.951,246.829,145.431,414.520,286.626,237.170,164.864,253.789,194.847,232.677,332.216,257.986,247.377,198.899,215.599,131.823,154.153,224.228
2022-09-01,140.205,140.149,136.585,125.049,253.351,251.943,201.064,268.789,637.059,237.080,365.190,689.475,434.792,361.219,287.438,869.812,417.804,316.388,208.335,298.483,269.840,343.499,311.127,336.406,317.234,289.986,246.885,146.687,414.749,287.741,236.801,164.903,254.819,197.557,232.509,317.842,259.066,252.140,197.925,213.965,132.639,154.231,224.102
